household_size,education_level,water_access,sanitation,housing_quality,income_estimate,education_level_per_person,water_access_per_person,household_size_x_education_level,household_size_x_water_access,household_size_x_sanitation,household_size_x_housing_quality,education_level_x_water_access,education_level_x_sanitation,education_level_x_housing_quality,water_access_x_sanitation,water_access_x_housing_quality,sanitation_x_housing_quality,education_level_squared,poverty_index
3,3,0,0,1,51835.15011929731,0.75,0.0,9,0,0,3,0,0,3,0,0,0,9,69.83239804175358
5,2,1,1,3,46823.99873973575,0.3333333333333333,0.16666666666666666,10,5,5,15,2,2,6,1,3,3,4,22.623708234267884
2,3,1,0,2,80262.65021505328,1.0,0.3333333333333333,6,2,0,4,3,0,6,0,2,0,9,48.769957123383534
5,0,1,0,3,53707.309784646844,0.0,0.16666666666666666,0,5,0,15,0,0,0,0,3,0,0,63.9382827795202
1,0,0,0,1,38829.026398119546,0.0,0.0,0,0,0,1,0,0,0,0,0,0,0,92.5167791835157
6,4,0,0,4,58860.54807638397,0.5714285714285714,0.0,24,0,0,24,0,0,16,0,0,0,16,39.805952366114106
8,2,1,0,3,71344.42837996123,0.2222222222222222,0.1111111111111111,16,8,0,24,2,0,6,0,3,0,4,48.80441712863176
4,2,1,1,3,85269.77013130384,0.4,0.2,8,4,4,12,2,2,6,1,3,3,4,22.63027516809611
2,2,1,1,2,54955.78978427329,0.6666666666666666,0.3333333333333333,4,2,2,4,2,2,4,1,2,2,4,30.126629852236867
2,3,1,1,4,63259.10338762011,1.0,0.3333333333333333,6,2,2,8,3,3,12,1,4,4,9,7.603105794566363
9,0,1,1,2,79008.00681677385,0.0,0.1,0,9,9,18,0,0,0,1,2,2,0,45.194826164843064
6,1,0,1,2,42642.65509298962,0.14285714285714285,0.0,6,0,6,12,0,1,2,0,0,2,1,51.24323157733983
9,4,0,1,1,38292.403054605435,0.4,0.0,36,0,9,9,0,4,4,0,0,1,16,36.035504318233805
7,3,1,1,0,39158.49203145524,0.375,0.125,21,7,7,0,3,3,0,1,0,0,9,37.50315439136247
2,3,1,1,4,43714.5427035147,1.0,0.3333333333333333,6,2,2,8,3,3,12,1,4,4,9,7.603105794566363
2,0,0,0,2,37155.034920925646,0.0,0.0,0,0,0,4,0,0,0,0,0,0,0,85.02699143320316
5,2,0,1,1,79506.5526114314,0.3333333333333333,0.0,10,0,5,5,0,2,2,0,0,1,4,51.17593690295047
7,1,0,0,3,57496.44942716582,0.125,0.0,7,0,0,21,0,0,3,0,0,0,1,69.95385352287585
2,3,1,1,0,84920.24741262276,1.0,0.3333333333333333,6,2,2,0,3,3,0,1,0,0,9,37.535989060503596
4,2,1,0,0,56566.939021409424,0.4,0.2,8,4,0,0,2,0,0,0,0,0,4,71.28034731339758
4,1,1,0,4,63889.6300271393,0.2,0.2,4,4,0,16,1,0,4,0,4,0,1,48.90454647216224
4,1,0,0,4,77570.08401821191,0.2,0.0,4,0,0,16,0,0,4,0,0,0,1,62.49033350787621
6,1,0,0,4,47001.81357575657,0.14285714285714285,0.0,6,0,0,24,0,0,4,0,0,0,1,62.47719964021976
7,1,0,1,0,54375.95663516409,0.125,0.0,7,0,7,0,0,1,0,0,0,0,1,66.20310627648021
1,3,1,1,0,33941.5152162947,1.5,0.5,3,1,1,0,3,3,0,1,0,0,9,37.54255599433182
7,2,0,1,4,36634.01365370938,0.25,0.0,14,0,7,28,0,2,8,0,0,4,4,28.713140585841092
8,0,0,0,3,15649.293101469499,0.0,0.0,0,0,0,24,0,0,0,0,0,0,0,77.50436901374951
5,3,1,1,0,49607.371304455155,0.5,0.16666666666666666,15,5,5,0,3,3,0,1,0,0,9,37.51628825901892
1,0,1,1,1,39879.68006324407,0.0,0.5,0,1,1,1,0,0,0,1,1,1,0,52.73058245195317
2,3,0,1,4,58327.01605622674,1.0,0.0,6,0,2,8,0,3,12,0,0,4,9,21.18889283028033
3,1,0,0,0,45908.124207081215,0.25,0.0,3,0,0,0,0,0,0,0,0,0,1,92.42978370764166
1,2,1,1,4,62367.836720738414,1.0,0.5,2,1,1,4,2,2,8,1,4,4,4,15.166755153096474
2,3,1,0,4,68587.1204347271,1.0,0.3333333333333333,6,2,0,8,3,0,12,0,4,0,9,33.80351549041492
2,4,1,0,3,18494.626565409544,1.3333333333333333,0.3333333333333333,8,2,0,6,4,0,12,0,3,0,16,33.72965388219734
3,3,0,1,0,46693.3755156837,0.75,0.0,9,0,3,0,0,3,0,0,0,0,9,51.11520916238934
3,3,0,1,1,19017.020018744435,0.75,0.0,9,0,3,3,0,3,3,0,0,1,9,43.63198834590503
3,1,1,1,1,47003.30196307669,0.25,0.25,3,3,3,3,1,1,1,1,1,1,1,45.16036615959483
4,1,1,1,1,59041.490967351536,0.2,0.2,4,4,4,4,1,1,1,1,1,1,1,45.153799225766605
6,1,0,0,2,33901.31653266396,0.14285714285714285,0.0,6,0,0,12,0,0,2,0,0,0,1,77.44364127318838
2,0,1,0,1,9339.112438906457,0.0,0.3333333333333333,0,2,0,2,0,0,0,0,1,0,0,78.92442521397349
1,3,0,0,2,58137.604638243574,1.5,0.0,3,0,0,2,0,0,6,0,0,0,9,62.36231109292573
2,1,0,1,4,33878.89283802494,0.3333333333333333,0.0,2,0,2,8,0,1,4,0,0,4,1,36.30305767968411
5,0,1,1,1,36017.985097113306,0.0,0.16666666666666666,0,5,5,5,0,0,0,1,1,1,0,52.70431471664027
4,2,0,0,2,64130.30280590952,0.4,0.0,8,0,0,8,0,0,4,0,0,0,4,69.89969271614294
6,3,1,0,4,47149.89341527001,0.42857142857142855,0.14285714285714285,18,6,0,24,3,0,12,0,4,0,9,33.77724775510202
9,2,0,0,3,19316.35394860714,0.2,0.0,18,0,0,27,0,0,6,0,0,0,4,62.3836372305175
7,4,1,1,4,73922.15301617574,0.5,0.125,28,7,7,28,4,4,16,1,4,4,16,0.013188700723355514
2,4,1,1,1,70043.59127491349,1.3333333333333333,0.3333333333333333,8,2,2,2,4,4,4,1,1,1,16,22.495685819317405
1,0,1,1,2,32301.263741504106,0.0,0.5,0,1,1,2,0,0,0,1,2,2,0,45.24736163546886
1,2,1,1,3,54718.40686895353,1.0,0.5,2,1,1,3,2,2,6,1,3,3,4,22.649975969580783
8,1,0,0,3,46053.505924648176,0.1111111111111111,0.0,8,0,0,24,0,0,3,0,0,0,1,69.94728658904762
5,3,0,1,2,24176.164590978835,0.5,0.0,15,0,5,10,0,3,6,0,0,2,9,36.135633661764274
4,4,0,1,0,30731.53150981719,0.8,0.0,16,0,4,0,0,4,0,0,0,0,16,43.551559803859234
6,1,1,1,2,61284.17435644037,0.14285714285714285,0.14285714285714285,6,6,6,12,1,1,2,1,2,2,1,37.65744454162585
9,4,1,0,4,68861.71526465795,0.4,0.1,36,9,0,36,4,0,16,0,4,0,16,26.200464528915457
7,4,0,1,4,49168.9644448104,0.5,0.0,28,0,7,28,0,4,16,0,0,4,16,13.598975736437328
4,2,1,1,0,34833.09208318239,0.4,0.2,8,4,4,0,2,2,0,1,0,0,4,45.079937617549035
5,2,0,1,0,44440.69036956564,0.3333333333333333,0.0,10,0,5,0,0,2,0,0,0,0,4,58.65915771943477
6,3,0,1,1,83227.68046800958,0.42857142857142855,0.0,18,0,6,6,0,3,3,0,0,1,9,43.612287544420354
2,2,1,0,4,50365.26554264993,0.6666666666666666,0.3333333333333333,4,2,0,8,2,0,8,0,4,0,4,41.360597915116806
1,2,0,1,0,11952.280745998316,1.0,0.0,2,0,1,0,0,2,0,0,0,0,4,58.68542545474767
1,1,1,0,1,58569.36622999517,0.5,0.5,1,1,0,1,1,0,1,0,1,0,1,71.37390972309984
1,4,0,0,4,63118.453819524235,2.0,0.0,4,0,0,4,0,0,16,0,0,0,16,39.83878703525523
9,1,0,1,4,28589.646183106586,0.1,0.0,9,0,9,36,0,1,4,0,0,4,1,36.257089142886535
4,4,1,0,1,65768.74751557791,0.8,0.2,16,4,0,4,4,0,4,0,1,0,16,48.68296164750951
4,3,1,0,1,49697.666237724414,0.6,0.2,12,4,0,4,3,0,3,0,1,0,9,56.24004407221139
5,3,0,1,0,24233.905333442683,0.5,0.0,15,0,5,0,0,3,0,0,0,0,9,51.10207529473289
8,1,0,0,0,50934.62142190525,0.1111111111111111,0.0,8,0,0,0,0,0,0,0,0,0,1,92.39694903850054
8,1,0,1,2,7352.696758669968,0.1111111111111111,0.0,8,0,8,16,0,1,2,0,0,2,1,51.23009770968338
9,3,1,0,1,48026.79499041266,0.3,0.1,27,9,0,9,3,0,3,0,1,0,9,56.207209403070266
7,2,0,1,1,34400.55342016546,0.25,0.0,14,0,7,7,0,2,2,0,0,1,4,51.16280303529402
6,0,1,1,0,34711.54065369123,0.0,0.14285714285714285,0,6,6,0,0,0,0,1,0,0,0,60.18096859929635
6,4,0,1,2,2303.845474518741,0.5714285714285714,0.0,24,0,6,12,0,4,8,0,0,2,16,28.571984303234174
3,3,1,1,0,42207.38450742784,0.75,0.25,9,3,3,0,3,3,0,1,0,0,9,37.52942212667537
7,1,0,1,1,49144.70764687352,0.125,0.0,7,0,7,7,0,1,1,0,0,1,1,58.71988545999591
6,2,1,1,2,56802.392733950954,0.2857142857142857,0.14285714285714285,12,6,6,12,2,2,4,1,2,2,4,30.100362116923968
8,2,1,0,4,58629.97280445004,0.2222222222222222,0.1111111111111111,16,8,0,32,2,0,8,0,4,0,4,41.32119631214746
8,1,1,1,3,61117.211185940476,0.1111111111111111,0.1111111111111111,8,8,8,24,1,1,3,1,3,3,1,30.16108985748509
5,2,1,1,3,39142.12044040173,0.3333333333333333,0.16666666666666666,10,5,5,15,2,2,6,1,3,3,4,22.623708234267884
2,4,0,1,4,30813.138793224476,1.3333333333333333,0.0,8,0,2,8,0,4,16,0,0,4,16,13.631810405578452
4,4,0,1,3,42637.01679739803,0.8,0.0,16,0,4,12,0,4,12,0,0,3,16,21.10189735440631
6,2,0,1,2,40250.05516924268,0.2857142857142857,0.0,12,0,6,12,0,2,4,0,0,2,4,43.68614915263794
5,2,1,0,3,36173.11131640844,0.3333333333333333,0.16666666666666666,10,5,0,15,2,0,6,0,3,0,4,48.82411793011644
1,3,0,0,2,24495.884274921355,1.5,0.0,3,0,0,2,0,0,6,0,0,0,9,62.36231109292573
6,2,1,0,4,37352.731331170166,0.2857142857142857,0.14285714285714285,12,6,0,24,2,0,8,0,4,0,4,41.334330179803906
9,4,0,1,2,35674.27213298301,0.4,0.0,36,0,9,18,0,4,8,0,0,2,16,28.5522835017495
1,2,1,0,2,15190.424288592163,1.0,0.5,2,1,0,2,2,0,4,0,2,0,4,56.33360648191365
5,0,1,0,4,49627.38121591057,0.0,0.16666666666666666,0,5,0,20,0,0,0,0,4,0,0,56.455061963035895
2,3,1,1,2,29889.96779370976,1.0,0.3333333333333333,6,2,2,4,3,3,6,1,2,2,9,22.569547427534985
7,4,1,0,3,62925.94401116659,0.5,0.125,28,7,0,21,4,0,12,0,3,0,16,33.696819213056216
4,3,0,1,0,25036.524404203978,0.6,0.0,12,0,4,0,0,3,0,0,0,0,9,51.108642228561116
1,0,0,1,0,53238.0689857659,0.0,0.0,0,0,1,0,0,0,0,0,0,0,0,73.79959030415145
8,0,1,1,2,28580.9494315603,0.0,0.1111111111111111,0,8,8,16,0,0,0,1,2,2,0,45.20139309867129
7,2,1,1,3,60437.58795687572,0.25,0.125,14,7,7,21,2,2,6,1,3,3,4,22.610574366611434
5,4,0,1,0,36817.97009875879,0.6666666666666666,0.0,20,0,5,0,0,4,0,0,0,0,16,43.54499287003101
1,1,1,0,4,42652.776922140256,0.5,0.5,1,1,0,4,1,0,4,0,4,0,1,48.92424727364691
1,4,0,1,3,23629.804314975478,2.0,0.0,4,0,1,3,0,4,12,0,0,3,16,21.121598155890986
4,4,0,0,0,70753.8355936686,0.8,0.0,16,0,0,0,0,0,0,0,0,0,16,69.75196949970778
6,3,0,1,2,51408.90483687487,0.42857142857142855,0.0,18,0,6,12,0,3,6,0,0,2,9,36.12906672793605
1,1,0,1,1,64304.35315405483,0.5,0.0,1,0,1,1,0,1,1,0,0,1,1,58.75928706296526
5,0,1,0,1,48698.79802159284,0.0,0.16666666666666666,0,5,0,5,0,0,0,0,1,0,0,78.90472441248882
6,4,1,0,1,89485.22997223164,0.5714285714285714,0.14285714285714285,24,6,0,6,4,0,4,0,1,0,16,48.66982777985306
5,0,1,1,0,71753.78275842199,0.0,0.16666666666666666,0,5,5,0,0,0,0,1,0,0,0,60.187535533124574
8,3,0,1,4,38435.761668079256,0.3333333333333333,0.0,24,0,8,32,0,3,12,0,0,4,9,21.149491227310982
5,2,1,0,2,63286.815957698396,0.3333333333333333,0.16666666666666666,10,5,0,10,2,0,4,0,2,0,4,56.30733874660075
9,3,0,1,3,86066.87499739355,0.3,0.0,27,0,9,27,0,3,9,0,0,3,9,28.626145109967066
6,0,1,1,3,48239.29836354319,0.0,0.14285714285714285,0,6,6,18,0,0,0,1,3,3,0,37.73130614984343
3,4,0,1,2,7704.903987042308,1.0,0.0,12,0,3,6,0,4,8,0,0,2,16,28.59168510471885
3,2,0,0,1,52737.23837790651,0.5,0.0,6,0,0,3,0,0,2,0,0,0,4,77.38948046645547
1,4,0,1,1,49798.800177938814,2.0,0.0,4,0,1,1,0,4,4,0,0,1,16,36.088039788859604
2,4,1,1,2,82557.4256319321,1.3333333333333333,0.3333333333333333,8,2,2,4,4,4,8,1,2,2,16,15.0124650028331
8,4,1,1,0,63820.223702929754,0.4444444444444444,0.1111111111111111,32,8,8,0,4,4,0,1,0,0,16,29.939505032832365
5,2,0,1,4,44300.95412479485,0.3333333333333333,0.0,10,0,5,20,0,2,8,0,0,4,4,28.726274453497542
9,1,0,0,0,50314.06667121305,0.1,0.0,9,0,0,0,0,0,0,0,0,0,1,92.39038210467231
2,0,1,0,2,74033.79585895927,0.0,0.3333333333333333,0,2,0,4,0,0,0,0,2,0,0,71.44120439748919
2,1,1,1,3,66516.80197006447,0.3333333333333333,0.3333333333333333,2,2,2,6,1,1,3,1,3,3,1,30.20049146045444
2,3,1,1,2,58295.32243529755,1.0,0.3333333333333333,6,2,2,4,3,3,6,1,2,2,9,22.569547427534985
9,3,0,0,4,18624.53198577721,0.3,0.0,27,0,0,36,0,0,12,0,0,0,9,47.34333398933131
9,1,0,1,0,80668.6788116295,0.1,0.0,9,0,9,0,0,1,0,0,0,0,1,66.18997240882376
7,0,1,0,4,41855.997187024375,0.0,0.125,0,7,0,28,0,0,0,0,4,0,0,56.441928095379446
1,4,1,0,2,55950.976713339085,2.0,0.5,4,1,0,2,4,0,8,0,2,0,16,41.21944163250987
6,3,0,1,0,35559.34753657345,0.42857142857142855,0.0,18,0,6,0,0,3,0,0,0,0,9,51.09550836090467
5,0,0,0,2,84551.07542365807,0.0,0.0,0,0,0,10,0,0,0,0,0,0,0,85.00729063171849
1,4,0,0,1,55280.96675573265,2.0,0.0,4,0,0,1,0,0,4,0,0,0,16,62.28844948470815
9,0,0,1,0,77491.02352356422,0.0,0.0,0,0,9,0,0,0,0,0,0,0,0,73.74705483352565
4,3,1,0,4,47065.52997037474,0.6,0.2,12,4,0,16,3,0,12,0,4,0,9,33.79038162275847
3,4,1,0,1,84146.51612816053,1.0,0.25,12,3,0,3,4,0,4,0,1,0,16,48.68952858133773
8,1,0,1,2,63935.037687066724,0.1111111111111111,0.0,8,0,8,16,0,1,2,0,0,2,1,51.23009770968338
2,3,0,0,2,42010.04736859176,1.0,0.0,6,0,0,4,0,0,6,0,0,0,9,62.355744159097505
8,2,1,0,3,55595.625412350215,0.2222222222222222,0.1111111111111111,16,8,0,24,2,0,6,0,3,0,4,48.80441712863176
4,0,0,0,1,58004.78850304669,0.0,0.0,0,0,0,4,0,0,0,0,0,0,0,92.49707838203102
4,3,0,0,2,38976.90088820115,0.6,0.0,12,0,0,8,0,0,6,0,0,0,9,62.342610291441055
4,3,1,0,4,56712.72682181923,0.6,0.2,12,4,0,16,3,0,12,0,4,0,9,33.79038162275847
5,0,1,1,4,35270.61101009568,0.0,0.16666666666666666,0,5,5,20,0,0,0,1,4,4,0,30.254652267187343
5,2,0,1,2,43816.72216945179,0.3333333333333333,0.0,10,0,5,10,0,2,4,0,0,2,4,43.69271608646616
6,4,0,1,4,66011.46085580949,0.5714285714285714,0.0,24,0,6,24,0,4,16,0,0,4,16,13.605542670265553
1,2,1,1,1,69765.61247740473,1.0,0.5,2,1,1,1,2,2,2,1,1,1,4,37.6164176025494
7,0,1,1,2,40506.92763939807,0.0,0.125,0,7,7,14,0,0,0,1,2,2,0,45.207960032499514
3,2,1,1,2,18873.991956644502,0.5,0.25,6,3,3,6,2,2,4,1,2,2,4,30.120062918408642
6,3,0,0,4,61176.44521594137,0.42857142857142855,0.0,18,0,0,24,0,0,12,0,0,0,9,47.36303479081599
8,3,0,1,0,63184.90716738486,0.3333333333333333,0.0,24,0,8,0,0,3,0,0,0,0,9,51.08237449324822
4,0,0,1,3,85717.27804719661,0.0,0.0,0,0,4,12,0,0,0,0,0,3,0,51.33022705321385
4,0,1,1,0,76949.99309179219,0.0,0.2,0,4,4,0,0,0,0,1,0,0,0,60.1941024669528
2,3,0,0,3,29424.150214636433,1.0,0.0,6,0,0,6,0,0,9,0,0,0,9,54.87252334261319
6,3,1,0,2,49066.57687713725,0.42857142857142855,0.14285714285714285,18,6,0,12,3,0,6,0,2,0,9,48.743689388070635
5,4,1,1,2,25719.441185094922,0.6666666666666666,0.16666666666666666,20,5,5,10,4,4,8,1,2,2,16,14.992764201348425
7,3,0,1,3,-10.620166684682772,0.375,0.0,21,0,7,21,0,3,9,0,0,3,9,28.639278977623515
5,3,1,1,3,27084.43769208376,0.5,0.16666666666666666,15,5,5,15,3,3,9,1,3,3,9,15.066625809565998
8,4,1,1,1,67027.93421206769,0.4444444444444444,0.1111111111111111,32,8,8,8,4,4,4,1,1,1,16,22.456284216348056
6,1,0,0,4,34938.43711673002,0.14285714285714285,0.0,6,0,0,24,0,0,4,0,0,0,1,62.47719964021976
4,0,0,1,3,50475.56965052954,0.0,0.0,0,0,4,12,0,0,0,0,0,3,0,51.33022705321385
2,4,0,0,3,61627.30565153394,1.3333333333333333,0.0,8,0,0,6,0,0,12,0,0,0,16,47.31544091791131
4,0,1,1,0,52902.09092597038,0.0,0.2,0,4,4,0,0,0,0,1,0,0,0,60.1941024669528
1,1,1,1,2,52799.77181302479,0.5,0.5,1,1,1,2,1,1,2,1,2,2,1,37.690279210766974
8,4,0,1,4,46776.85770282773,0.4444444444444444,0.0,32,0,8,32,0,4,16,0,0,4,16,13.592408802609103
8,3,0,0,3,-358.1817412403543,0.3333333333333333,0.0,24,0,0,24,0,0,9,0,0,0,9,54.83312173964384
7,1,0,1,3,24391.17458640096,0.125,0.0,7,0,7,21,0,1,3,0,0,3,1,43.75344382702729
3,1,0,0,4,60357.67831448751,0.25,0.0,3,0,0,12,0,0,4,0,0,0,1,62.49690044170443
4,0,0,0,3,19385.996944962484,0.0,0.0,0,0,0,12,0,0,0,0,0,0,0,77.53063674906241
5,4,1,0,3,66418.41674917145,0.6666666666666666,0.16666666666666666,20,5,0,15,4,0,12,0,3,0,16,33.709953080712665
3,1,0,1,0,70895.60792557598,0.25,0.0,3,0,3,0,0,1,0,0,0,0,1,66.22937401179311
8,4,0,1,2,19969.047695803805,0.4444444444444444,0.0,32,0,8,16,0,4,8,0,0,2,16,28.558850435577725
7,4,0,0,2,89457.48859452984,0.5,0.0,28,0,0,14,0,0,8,0,0,0,16,54.7658270652545
7,1,0,1,0,28683.878512419426,0.125,0.0,7,0,7,0,0,1,0,0,0,0,1,66.20310627648021
9,3,0,1,3,71948.21737198252,0.3,0.0,27,0,9,27,0,3,9,0,0,3,9,28.626145109967066
8,3,1,0,0,37114.22750076357,0.3333333333333333,0.1111111111111111,24,8,0,0,3,0,0,0,0,0,9,63.696997153382796
5,3,1,1,3,14408.48414595041,0.5,0.16666666666666666,15,5,5,15,3,3,9,1,3,3,9,15.066625809565998
2,3,1,1,1,38531.33771712192,1.0,0.3333333333333333,6,2,2,2,3,3,3,1,1,1,9,30.05276824401929
9,4,1,0,4,66550.13930585665,0.4,0.1,36,9,0,36,4,0,16,0,4,0,16,26.200464528915457
7,4,0,0,2,41280.52716087454,0.5,0.0,28,0,0,14,0,0,8,0,0,0,16,54.7658270652545
1,0,0,1,3,62289.71818174692,0.0,0.0,0,0,1,3,0,0,0,0,0,3,0,51.34992785469852
9,2,1,0,3,74414.79426557738,0.2,0.1,18,9,0,27,2,0,6,0,3,0,4,48.79785019480354
7,1,0,1,0,63619.95781959923,0.125,0.0,7,0,7,0,0,1,0,0,0,0,1,66.20310627648021
1,1,1,1,3,28255.61170786546,0.5,0.5,1,1,1,3,1,1,3,1,3,3,1,30.207058394282665
8,3,0,1,3,58658.25181789388,0.3333333333333333,0.0,24,0,8,24,0,3,9,0,0,3,9,28.63271204379529
3,2,0,1,3,-9751.577801575637,0.5,0.0,6,0,3,9,0,2,6,0,0,3,4,36.2226291376383
7,3,1,0,0,-7599.064163079522,0.375,0.125,21,7,0,0,3,0,0,0,0,0,9,63.70356408721102
5,3,0,1,0,57503.361000907506,0.5,0.0,15,0,5,0,0,3,0,0,0,0,9,51.10207529473289
2,0,0,0,0,38264.731364780804,0.0,0.0,0,0,0,0,0,0,0,0,0,0,0,99.99343306617178
6,3,1,0,2,24686.319749642407,0.42857142857142855,0.14285714285714285,18,6,0,12,3,0,6,0,2,0,9,48.743689388070635
7,0,0,1,1,50742.45734388588,0.0,0.0,0,0,7,7,0,0,0,0,0,1,0,66.2769678846978
9,2,1,0,0,43806.264611133956,0.2,0.1,18,9,0,0,2,0,0,0,0,0,4,71.24751264425646
2,2,1,0,2,71683.74716973203,0.6666666666666666,0.3333333333333333,4,2,0,4,2,0,4,0,2,0,4,56.32703954808542
9,0,1,0,1,47707.53202930139,0.0,0.1,0,9,0,9,0,0,0,0,1,0,0,78.87845667717592
4,3,1,1,2,62501.266473539144,0.6,0.2,12,4,4,8,3,3,6,1,2,2,9,22.556413559878536
9,4,1,1,1,38792.899010650806,0.4,0.1,36,9,9,9,4,4,4,1,1,1,16,22.44971728251983
6,3,0,1,1,55761.69092089041,0.42857142857142855,0.0,18,0,6,6,0,3,3,0,0,1,9,43.612287544420354
6,2,1,1,3,78950.43439742737,0.2857142857142857,0.14285714285714285,12,6,6,18,2,2,6,1,3,3,4,22.61714130043966
9,4,1,1,0,59454.98866050703,0.4,0.1,36,9,9,0,4,4,0,1,0,0,16,29.93293809900414
4,1,1,0,4,60160.946527813314,0.2,0.2,4,4,0,16,1,0,4,0,4,0,1,48.90454647216224
3,4,1,1,0,107244.3284996659,1.0,0.25,12,3,3,0,4,4,0,1,0,0,16,29.97233970197349
9,1,0,1,1,51588.24087658315,0.1,0.0,9,0,9,9,0,1,1,0,0,1,1,58.70675159233946
9,0,0,0,2,75631.51880766788,0.0,0.0,0,0,0,18,0,0,0,0,0,0,0,84.98102289640559
8,1,0,0,2,50593.38445113068,0.1111111111111111,0.0,8,0,0,16,0,0,2,0,0,0,1,77.43050740553193
3,4,0,1,4,35750.84956666436,1.0,0.0,12,0,3,12,0,4,16,0,0,4,16,13.625243471750228
8,2,0,1,2,38524.25955712295,0.2222222222222222,0.0,16,0,8,16,0,2,4,0,0,2,4,43.67301528498149
9,0,0,0,1,68462.7062615589,0.0,0.0,0,0,0,9,0,0,0,0,0,0,0,92.4642437128899
5,4,1,0,2,48403.804524215615,0.6666666666666666,0.16666666666666666,20,5,0,10,4,0,8,0,2,0,16,41.19317389719698
2,0,0,1,2,46309.64977444356,0.0,0.0,0,0,2,4,0,0,0,0,0,2,0,58.82658173735461
1,1,0,1,2,33898.30427999208,0.5,0.0,1,0,1,2,0,1,2,0,0,2,1,51.27606624648095
5,2,0,0,4,19579.530849007508,0.3333333333333333,0.0,10,0,0,20,0,0,8,0,0,0,4,54.926684149346094
9,4,1,0,4,58282.11083173443,0.4,0.1,36,9,0,36,4,0,16,0,4,0,16,26.200464528915457
3,0,0,1,1,76701.2714137943,0.0,0.0,0,0,3,3,0,0,0,0,0,1,0,66.3032356200107
7,2,0,1,2,82795.73791915961,0.25,0.0,14,0,7,14,0,2,4,0,0,2,4,43.67958221880971
6,4,1,0,1,60902.95413363009,0.5714285714285714,0.14285714285714285,24,6,0,6,4,0,4,0,1,0,16,48.66982777985306
6,3,0,1,2,56768.80221463389,0.42857142857142855,0.0,18,0,6,12,0,3,6,0,0,2,9,36.12906672793605
9,0,1,1,4,79138.07343457076,0.0,0.1,0,9,9,36,0,0,0,1,4,4,0,30.228384531874443
1,3,1,1,3,54276.76936866684,1.5,0.5,3,1,1,3,3,3,9,1,3,3,9,15.092893544878898
3,0,1,1,1,33287.6033556574,0.0,0.25,0,3,3,3,0,0,0,1,1,1,0,52.71744858429672
8,0,1,0,1,66856.83789138222,0.0,0.1111111111111111,0,8,0,8,0,0,0,0,1,0,0,78.88502361100414
1,0,1,0,2,62684.075756892795,0.0,0.5,0,1,0,2,0,0,0,0,2,0,0,71.44777133131741
5,4,1,0,4,84717.5522725048,0.6666666666666666,0.16666666666666666,20,5,0,20,4,0,16,0,4,0,16,26.226732264228357
7,0,1,1,1,41407.374665525065,0.0,0.125,0,7,7,7,0,0,0,1,1,1,0,52.69118084898382
6,2,1,0,0,90731.41087672993,0.2857142857142857,0.14285714285714285,12,6,0,0,2,0,0,0,0,0,4,71.26721344574113
5,0,1,0,3,-21531.595962388295,0.0,0.16666666666666666,0,5,0,15,0,0,0,0,3,0,0,63.9382827795202
6,4,0,1,1,28076.94498387108,0.5714285714285714,0.0,24,0,6,6,0,4,4,0,0,1,16,36.05520511971848
4,1,0,1,2,35573.39615086664,0.2,0.0,4,0,4,8,0,1,2,0,0,2,1,51.25636544499628
9,3,1,1,3,66720.89506919887,0.3,0.1,27,9,9,27,3,3,9,1,3,3,9,15.0403580742531
7,0,0,1,1,90630.70106379745,0.0,0.0,0,0,7,7,0,0,0,0,0,1,0,66.2769678846978
9,1,0,1,0,26937.84475210014,0.1,0.0,9,0,9,0,0,1,0,0,0,0,1,66.18997240882376
4,3,1,0,4,58855.21292464646,0.6,0.2,12,4,0,16,3,0,12,0,4,0,9,33.79038162275847
8,2,1,1,3,87572.96125889025,0.2222222222222222,0.1111111111111111,16,8,8,24,2,2,6,1,3,3,4,22.60400743278321
9,3,0,0,4,82667.29549326494,0.3,0.0,27,0,0,36,0,0,12,0,0,0,9,47.34333398933131
5,1,1,1,4,63849.09341891807,0.16666666666666666,0.16666666666666666,5,5,5,20,1,1,4,1,4,4,1,22.697569842485457
4,2,1,1,0,45454.234261123966,0.4,0.2,8,4,4,0,2,2,0,1,0,0,4,45.079937617549035
4,1,1,1,4,45488.316690916436,0.2,0.2,4,4,4,16,1,1,4,1,4,4,1,22.704136776313682
9,4,0,0,1,66978.65042150299,0.4,0.0,36,0,0,9,0,0,4,0,0,0,16,62.235914014082354
3,2,1,0,3,66982.297860157,0.5,0.25,6,3,0,9,2,0,6,0,3,0,4,48.837251797772886
9,0,0,0,4,23405.23427032542,0.0,0.0,0,0,0,36,0,0,0,0,0,0,0,70.01458126343697
9,3,1,1,0,79036.45418837699,0.3,0.1,27,9,9,0,3,3,0,1,0,0,9,37.49002052370602
6,2,1,0,2,44365.87568784865,0.2857142857142857,0.14285714285714285,12,6,0,12,2,0,4,0,2,0,4,56.300771812772524
8,1,0,1,3,59193.25132192533,0.1111111111111111,0.0,8,0,8,24,0,1,3,0,0,3,1,43.746876893199065
7,3,1,1,3,36505.64834820539,0.375,0.125,21,7,7,21,3,3,9,1,3,3,9,15.053491941909549
9,4,0,0,3,57166.31176244323,0.4,0.0,36,0,0,27,0,0,12,0,0,0,16,47.26947238111374
3,0,1,0,4,63114.758278563466,0.0,0.25,0,3,0,12,0,0,0,0,4,0,0,56.468195830692345
5,2,1,1,4,69674.05685875048,0.3333333333333333,0.16666666666666666,10,5,5,20,2,2,8,1,4,4,4,15.140487417783575
2,4,1,0,3,67885.16122040027,1.3333333333333333,0.3333333333333333,8,2,0,6,4,0,12,0,3,0,16,33.72965388219734
4,0,0,0,3,45841.145521967424,0.0,0.0,0,0,0,12,0,0,0,0,0,0,0,77.53063674906241
8,4,0,0,1,48305.65699018015,0.4444444444444444,0.0,32,0,0,8,0,0,4,0,0,0,16,62.24248094791058
6,3,0,0,0,56979.54822427461,0.42857142857142855,0.0,18,0,0,0,0,0,0,0,0,0,9,77.29591805675322
5,3,1,0,0,50597.14742629355,0.5,0.16666666666666666,15,5,0,0,3,0,0,0,0,0,9,63.71669795486747
8,3,1,1,4,53629.4842019407,0.3333333333333333,0.1111111111111111,24,8,8,32,3,3,12,1,4,4,9,7.563704191597014
4,4,0,0,4,13022.373473028048,0.8,0.0,16,0,0,16,0,0,16,0,0,0,16,39.819086233770555
4,1,1,1,4,79008.64980594967,0.2,0.2,4,4,4,16,1,1,4,1,4,4,1,22.704136776313682
7,4,1,0,3,59665.72978791545,0.5,0.125,28,7,0,21,4,0,12,0,3,0,16,33.696819213056216
6,2,1,1,3,58184.916699964684,0.2857142857142857,0.14285714285714285,12,6,6,18,2,2,6,1,3,3,4,22.61714130043966
8,2,0,1,4,34607.5356094718,0.2222222222222222,0.0,16,0,8,32,0,2,8,0,0,4,4,28.706573652012867
5,1,0,1,4,81723.5566545785,0.16666666666666666,0.0,5,0,5,20,0,1,4,0,0,4,1,36.283356878199434
3,3,0,1,4,24745.171750942685,0.75,0.0,9,0,3,12,0,3,12,0,0,4,9,21.182325896452106
3,0,0,1,0,37573.916102062416,0.0,0.0,0,0,3,0,0,0,0,0,0,0,0,73.786456436495
6,4,1,1,3,37134.04847523623,0.5714285714285714,0.14285714285714285,24,6,6,18,4,4,12,1,3,3,16,7.502976451035889
6,3,1,0,0,56620.68557312443,0.42857142857142855,0.14285714285714285,18,6,0,0,3,0,0,0,0,0,9,63.710131021039246
7,3,0,1,0,49281.41924836043,0.375,0.0,21,0,7,0,0,3,0,0,0,0,9,51.08894142707644
3,4,1,1,0,58647.896251037615,1.0,0.25,12,3,3,0,4,4,0,1,0,0,16,29.97233970197349
6,0,1,0,1,72734.32336189921,0.0,0.14285714285714285,0,6,0,6,0,0,0,0,1,0,0,78.8981574786606
5,0,0,1,1,28659.599107413756,0.0,0.0,0,0,5,5,0,0,0,0,0,1,0,66.29010175235425
7,0,1,0,3,67668.88109304928,0.0,0.125,0,7,0,21,0,0,0,0,3,0,0,63.92514891186375
6,0,1,1,3,45098.044491583685,0.0,0.14285714285714285,0,6,6,18,0,0,0,1,3,3,0,37.73130614984343
7,2,1,1,1,70770.2368036544,0.25,0.125,14,7,7,7,2,2,2,1,1,1,4,37.57701599958005
9,4,0,1,1,81165.42915570264,0.4,0.0,36,0,9,9,0,4,4,0,0,1,16,36.035504318233805
5,3,0,1,2,65231.6566826356,0.5,0.0,15,0,5,10,0,3,6,0,0,2,9,36.135633661764274
7,0,0,0,0,44032.75155342737,0.0,0.0,0,0,0,0,0,0,0,0,0,0,0,99.96059839703065
9,0,0,0,0,36885.35694275501,0.0,0.0,0,0,0,0,0,0,0,0,0,0,0,99.9474645293742
8,4,1,0,2,50061.85164813404,0.4444444444444444,0.1111111111111111,32,8,0,16,4,0,8,0,2,0,16,41.1734730957123
7,3,0,1,2,64444.26591651396,0.375,0.0,21,0,7,14,0,3,6,0,0,2,9,36.122499794107824
1,2,0,1,1,51242.95775263664,1.0,0.0,2,0,1,1,0,2,2,0,0,1,4,51.20220463826337
4,3,1,1,0,-11790.977411564032,0.6,0.2,12,4,4,0,3,3,0,1,0,0,9,37.522855192847146
2,2,0,0,2,35126.90495680525,0.6666666666666666,0.0,4,0,0,4,0,0,4,0,0,0,4,69.91282658379939
4,2,0,1,0,27175.220927555918,0.4,0.0,8,0,4,0,0,2,0,0,0,0,4,58.665724653263
8,1,1,0,4,33651.59995997959,0.1111111111111111,0.1111111111111111,8,8,0,32,1,0,4,0,4,0,1,48.87827873684934
8,1,0,1,3,40208.093253179206,0.1111111111111111,0.0,8,0,8,24,0,1,3,0,0,3,1,43.746876893199065
5,1,0,1,2,40250.67076419916,0.16666666666666666,0.0,5,0,5,10,0,1,2,0,0,2,1,51.24979851116805
5,3,1,1,2,88568.62023733466,0.5,0.16666666666666666,15,5,5,10,3,3,6,1,2,2,9,22.54984662605031
4,2,0,0,2,80495.01531151914,0.4,0.0,8,0,0,8,0,0,4,0,0,0,4,69.89969271614294
3,0,0,1,1,36419.9515327774,0.0,0.0,0,0,3,3,0,0,0,0,0,1,0,66.3032356200107
2,4,0,1,2,74385.78477146971,1.3333333333333333,0.0,8,0,2,4,0,4,8,0,0,2,16,28.598252038547074
2,2,0,0,0,81561.8483197602,0.6666666666666666,0.0,4,0,0,0,0,0,0,0,0,0,4,84.879268216768
4,0,1,1,2,71810.65777641765,0.0,0.2,0,4,4,8,0,0,0,1,2,2,0,45.22766083398419
5,3,0,1,0,16336.466131353875,0.5,0.0,15,0,5,0,0,3,0,0,0,0,9,51.10207529473289
2,3,0,0,2,61270.9792394459,1.0,0.0,6,0,0,4,0,0,6,0,0,0,9,62.355744159097505
7,4,1,0,0,28909.405325146934,0.5,0.125,28,7,0,0,4,0,0,0,0,0,16,56.146481662509146
5,4,0,1,4,39929.50823532293,0.6666666666666666,0.0,20,0,5,20,0,4,16,0,0,4,16,13.612109604093778
1,0,1,1,3,32574.801919161593,0.0,0.5,0,1,1,3,0,0,0,1,3,3,0,37.76414081898455
7,4,1,0,2,50762.695953370734,0.5,0.125,28,7,0,14,4,0,8,0,2,0,16,41.18004002954053
5,1,1,0,0,60150.06343085156,0.16666666666666666,0.16666666666666666,5,5,0,0,1,0,0,0,0,0,1,78.83086280427125
5,4,0,1,0,35989.75056846425,0.6666666666666666,0.0,20,0,5,0,0,4,0,0,0,0,16,43.54499287003101
5,3,1,1,3,30747.545101824693,0.5,0.16666666666666666,15,5,5,15,3,3,9,1,3,3,9,15.066625809565998
5,0,1,1,0,77230.02590022882,0.0,0.16666666666666666,0,5,5,0,0,0,0,1,0,0,0,60.187535533124574
8,2,1,1,0,17973.423159506092,0.2222222222222222,0.1111111111111111,16,8,8,0,2,2,0,1,0,0,4,45.053669882236136
2,0,1,1,4,36925.02455244946,0.0,0.3333333333333333,0,2,2,8,0,0,0,1,4,4,0,30.274353068672017
7,0,1,1,2,68908.50841404169,0.0,0.125,0,7,7,14,0,0,0,1,2,2,0,45.207960032499514
2,1,0,1,4,16171.111039237105,0.3333333333333333,0.0,2,0,2,8,0,1,4,0,0,4,1,36.30305767968411
7,3,0,0,1,46726.42018347686,0.375,0.0,21,0,0,7,0,0,3,0,0,0,9,69.80613030644068
4,0,1,1,0,47605.56253266759,0.0,0.2,0,4,4,0,0,0,0,1,0,0,0,60.1941024669528
2,0,1,1,0,61260.43758130842,0.0,0.3333333333333333,0,2,2,0,0,0,0,1,0,0,0,60.20723633460925
9,3,0,0,0,63098.17065527469,0.3,0.0,27,0,0,0,0,0,0,0,0,0,9,77.27621725526855
3,4,1,0,1,77188.29766749086,1.0,0.25,12,3,0,3,4,0,4,0,1,0,16,48.68952858133773
4,4,1,1,3,57671.60928435299,0.8,0.2,16,4,4,12,4,4,12,1,3,3,16,7.516110318692339
2,1,1,1,2,32937.83991343138,0.3333333333333333,0.3333333333333333,2,2,2,4,1,1,2,1,2,2,1,37.68371227693875
1,2,0,1,2,54471.107519683785,1.0,0.0,2,0,1,2,0,2,4,0,0,2,4,43.71898382177906
2,1,0,1,3,24804.664694276144,0.3333333333333333,0.0,2,0,2,6,0,1,3,0,0,3,1,43.786278496168414
7,0,0,1,2,45594.13394342685,0.0,0.0,0,0,7,14,0,0,0,0,0,2,0,58.793747068213484
4,3,1,0,3,82887.35155432369,0.6,0.2,12,4,0,12,3,0,9,0,3,0,9,41.27360243924277
6,3,0,1,4,39550.186831715575,0.42857142857142855,0.0,18,0,6,24,0,3,12,0,0,4,9,21.16262509496743
3,4,0,0,4,45105.255434587234,1.0,0.0,12,0,0,12,0,0,16,0,0,0,16,39.82565316759878
6,1,0,0,3,29412.243733827603,0.14285714285714285,0.0,6,0,0,18,0,0,3,0,0,0,1,69.96042045670407
1,1,0,0,1,72334.14706754824,0.5,0.0,1,0,0,1,0,0,1,0,0,0,1,84.9596967588138
1,4,0,1,1,54773.85561159493,2.0,0.0,4,0,1,1,0,4,4,0,0,1,16,36.088039788859604
3,1,1,0,2,37842.633301383255,0.25,0.25,3,3,0,6,1,0,2,0,2,0,1,63.87755503895908
3,3,0,1,1,18522.849586220545,0.75,0.0,9,0,3,3,0,3,3,0,0,1,9,43.63198834590503
3,0,0,0,2,48209.19128707291,0.0,0.0,0,0,0,6,0,0,0,0,0,0,0,85.02042449937494
1,2,1,1,2,66266.96200058234,1.0,0.5,2,1,1,2,2,2,4,1,2,2,4,30.133196786065092
7,3,0,0,3,29255.338228380555,0.375,0.0,21,0,0,21,0,0,9,0,0,0,9,54.83968867347207
9,0,0,0,4,41376.083914888484,0.0,0.0,0,0,0,36,0,0,0,0,0,0,0,70.01458126343697
3,3,0,0,1,19834.226308751207,0.75,0.0,9,0,0,3,0,0,3,0,0,0,9,69.83239804175358
9,3,0,1,1,52766.69917273467,0.3,0.0,27,0,9,9,0,3,3,0,0,1,9,43.59258674293568
2,1,0,0,1,38578.307850213314,0.3333333333333333,0.0,2,0,0,2,0,0,1,0,0,0,1,84.95312982498558
5,3,1,0,1,67508.85857906817,0.5,0.16666666666666666,15,5,0,5,3,0,3,0,1,0,9,56.233477138383165
7,3,1,1,2,71610.6273305419,0.375,0.125,21,7,7,14,3,3,6,1,2,2,9,22.53671275839386
4,1,1,1,2,37967.69924106713,0.2,0.2,4,4,4,8,1,1,2,1,2,2,1,37.6705784092823
1,0,1,1,4,57869.361426238815,0.0,0.5,0,1,1,4,0,0,0,1,4,4,0,30.280920002500242
7,2,0,1,3,47997.852961053555,0.25,0.0,14,0,7,21,0,2,6,0,0,3,4,36.1963614023254
3,0,0,1,2,50449.46672790116,0.0,0.0,0,0,3,6,0,0,0,0,0,2,0,58.820014803526384
9,0,0,0,2,50232.87419056827,0.0,0.0,0,0,0,18,0,0,0,0,0,0,0,84.98102289640559
9,2,1,0,1,79671.1803405206,0.2,0.1,18,9,0,9,2,0,2,0,1,0,4,63.764291827772155
4,0,1,0,0,60046.718292248115,0.0,0.2,0,4,0,0,0,0,0,0,0,0,0,86.39451216280135
9,0,1,1,0,48090.41458171211,0.0,0.1,0,9,9,0,0,0,0,1,0,0,0,60.161267797811675
5,2,0,1,1,47715.96799024765,0.3333333333333333,0.0,10,0,5,5,0,2,2,0,0,1,4,51.17593690295047
9,0,0,0,3,80520.38852241808,0.0,0.0,0,0,0,27,0,0,0,0,0,0,0,77.49780207992129
1,0,1,0,4,50979.16103473785,0.0,0.5,0,1,0,4,0,0,0,0,4,0,0,56.481329698348794
3,4,0,0,3,1837.6656438628852,1.0,0.0,12,0,0,9,0,0,12,0,0,0,16,47.308873984083085
7,0,0,0,4,59998.46222465287,0.0,0.0,0,0,0,28,0,0,0,0,0,0,0,70.02771513109342
6,3,0,0,4,47806.7240302002,0.42857142857142855,0.0,18,0,0,24,0,0,12,0,0,0,9,47.36303479081599
1,4,0,0,0,46366.9712786111,2.0,0.0,4,0,0,0,0,0,0,0,0,0,16,69.77167030119246
7,4,0,0,4,35724.96361165919,0.5,0.0,28,0,0,28,0,0,16,0,0,0,16,39.79938543228588
3,0,1,1,2,30637.02572357119,0.0,0.25,0,3,3,6,0,0,0,1,2,2,0,45.23422776781241
8,1,0,1,1,65629.63358007201,0.1111111111111111,0.0,8,0,8,8,0,1,1,0,0,1,1,58.71331852616768
6,3,1,1,0,61408.74819072423,0.42857142857142855,0.14285714285714285,18,6,6,0,3,3,0,1,0,0,9,37.5097213251907
2,3,0,1,3,77091.67324987744,1.0,0.0,6,0,2,6,0,3,9,0,0,3,9,28.67211364676464
9,2,1,0,4,27587.973593244602,0.2,0.1,18,9,0,36,2,0,8,0,4,0,4,41.31462937831923
1,1,0,0,0,74575.76544417598,0.5,0.0,1,0,0,0,0,0,0,0,0,0,1,92.44291757529811
5,2,1,1,3,51493.862934539524,0.3333333333333333,0.16666666666666666,10,5,5,15,2,2,6,1,3,3,4,22.623708234267884
5,4,1,1,3,50995.371989420244,0.6666666666666666,0.16666666666666666,20,5,5,15,4,4,12,1,3,3,16,7.509543384864114
9,4,1,0,4,42529.37234516109,0.4,0.1,36,9,0,36,4,0,16,0,4,0,16,26.200464528915457
9,2,1,0,3,21077.26925385723,0.2,0.1,18,9,0,27,2,0,6,0,3,0,4,48.79785019480354
9,1,0,1,4,81217.44576577646,0.1,0.0,9,0,9,36,0,1,4,0,0,4,1,36.257089142886535
5,2,0,0,2,51096.60716298758,0.3333333333333333,0.0,10,0,0,10,0,0,4,0,0,0,4,69.89312578231471
6,3,0,1,2,95537.08888574982,0.42857142857142855,0.0,18,0,6,12,0,3,6,0,0,2,9,36.12906672793605
2,0,0,0,0,44014.99755463665,0.0,0.0,0,0,0,0,0,0,0,0,0,0,0,99.99343306617178
9,0,1,0,3,63985.65267557028,0.0,0.1,0,9,0,27,0,0,0,0,3,0,0,63.9120150442073
3,0,0,0,4,37746.96639883045,0.0,0.0,0,0,0,12,0,0,0,0,0,0,0,70.05398286640632
1,3,0,1,4,50116.0922608102,1.5,0.0,3,0,1,4,0,3,12,0,0,4,9,21.195459764108556
3,0,1,1,4,60319.09701847835,0.0,0.25,0,3,3,12,0,0,0,1,4,4,0,30.267786134843792
7,2,0,1,2,24500.544037634056,0.25,0.0,14,0,7,14,0,2,4,0,0,2,4,43.67958221880971
6,4,0,1,0,61836.02760293494,0.5714285714285714,0.0,24,0,6,0,0,4,0,0,0,0,16,43.538425936202785
2,0,1,1,1,74581.19220046273,0.0,0.3333333333333333,0,2,2,2,0,0,0,1,1,1,0,52.72401551812494
4,1,1,1,1,47883.346037502735,0.2,0.2,4,4,4,4,1,1,1,1,1,1,1,45.153799225766605
9,4,0,0,0,55634.556048711216,0.4,0.0,36,0,0,0,0,0,0,0,0,0,16,69.71913483056666
9,3,0,1,0,30170.42223937816,0.3,0.0,27,0,9,0,0,3,0,0,0,0,9,51.07580755941999
9,4,0,1,1,61338.77314721469,0.4,0.0,36,0,9,9,0,4,4,0,0,1,16,36.035504318233805
4,0,0,1,2,67383.79578414302,0.0,0.0,0,0,4,8,0,0,0,0,0,2,0,58.81344786969816
7,2,1,1,3,21594.04325394838,0.25,0.125,14,7,7,21,2,2,6,1,3,3,4,22.610574366611434
5,3,1,1,3,85392.12232233738,0.5,0.16666666666666666,15,5,5,15,3,3,9,1,3,3,9,15.066625809565998
4,4,1,0,1,58753.92846529397,0.8,0.2,16,4,0,4,4,0,4,0,1,0,16,48.68296164750951
5,1,1,0,3,67677.47192283401,0.16666666666666666,0.16666666666666666,5,5,0,15,1,0,3,0,3,0,1,56.38120035481832
3,1,0,0,4,51216.71328054251,0.25,0.0,3,0,0,12,0,0,4,0,0,0,1,62.49690044170443
8,1,0,1,1,67294.48282695997,0.1111111111111111,0.0,8,0,8,8,0,1,1,0,0,1,1,58.71331852616768
9,4,1,0,4,49034.38056473329,0.4,0.1,36,9,0,36,4,0,16,0,4,0,16,26.200464528915457
7,2,0,0,0,76832.49577876081,0.25,0.0,14,0,0,0,0,0,0,0,0,0,4,84.84643354762687
4,2,0,0,0,78023.4929513856,0.4,0.0,8,0,0,0,0,0,0,0,0,0,4,84.86613434911155
2,3,1,0,2,44742.57098887307,1.0,0.3333333333333333,6,2,0,4,3,0,6,0,2,0,9,48.769957123383534
5,2,0,0,1,40282.75371172832,0.3333333333333333,0.0,10,0,0,5,0,0,2,0,0,0,4,77.37634659879902
5,0,1,0,3,42559.774744441514,0.0,0.16666666666666666,0,5,0,15,0,0,0,0,3,0,0,63.9382827795202
1,2,0,1,2,48136.72468975174,1.0,0.0,2,0,1,2,0,2,4,0,0,2,4,43.71898382177906
4,1,0,1,0,73559.10893002151,0.2,0.0,4,0,4,0,0,1,0,0,0,0,1,66.22280707796489
8,4,1,0,3,47179.22635356705,0.4444444444444444,0.1111111111111111,32,8,0,24,4,0,12,0,3,0,16,33.69025227922799
5,2,0,0,3,44725.80032606329,0.3333333333333333,0.0,10,0,0,15,0,0,6,0,0,0,4,62.4099049658304
9,1,0,1,3,39619.533802209684,0.1,0.0,9,0,9,27,0,1,3,0,0,3,1,43.74030995937084
1,1,1,1,3,70476.65978576682,0.5,0.5,1,1,1,3,1,1,3,1,3,3,1,30.207058394282665
4,3,0,1,3,59108.24588734659,0.6,0.0,12,0,4,12,0,3,9,0,0,3,9,28.65897977910819
8,4,1,0,0,65728.8679468241,0.4444444444444444,0.1111111111111111,32,8,0,0,4,0,0,0,0,0,16,56.13991472868092
3,3,0,0,0,16864.51815009018,0.75,0.0,9,0,0,0,0,0,0,0,0,0,9,77.3156188582379
1,2,1,0,3,60257.580290200305,1.0,0.5,2,1,0,3,2,0,6,0,3,0,4,48.850385665429336
5,3,0,1,4,94012.63583229549,0.5,0.0,15,0,5,20,0,3,12,0,0,4,9,21.169192028795656
5,0,0,0,2,35100.54133046356,0.0,0.0,0,0,0,10,0,0,0,0,0,0,0,85.00729063171849
8,0,1,0,4,60700.67165042791,0.0,0.1111111111111111,0,8,0,32,0,0,0,0,4,0,0,56.43536116155122
8,4,1,1,0,73116.34997573798,0.4444444444444444,0.1111111111111111,32,8,8,0,4,4,0,1,0,0,16,29.939505032832365
7,1,1,1,0,57154.984573900074,0.125,0.125,7,7,7,0,1,1,0,1,0,0,1,52.61731924076624
1,1,1,0,3,54972.58707977613,0.5,0.5,1,1,0,3,1,0,3,0,3,0,1,56.40746809013122
2,1,1,1,4,62778.61717531235,0.3333333333333333,0.3333333333333333,2,2,2,8,1,1,4,1,4,4,1,22.71727064397013
1,0,0,1,3,67913.33675822661,0.0,0.0,0,0,1,3,0,0,0,0,0,3,0,51.34992785469852
2,3,0,0,0,53855.828359954845,1.0,0.0,6,0,0,0,0,0,0,0,0,0,9,77.32218579206612
1,4,1,1,1,83669.360883755,2.0,0.5,4,1,1,1,4,4,4,1,1,1,16,22.50225275314563
6,2,1,1,0,49183.78420119116,0.2857142857142857,0.14285714285714285,12,6,6,0,2,2,0,1,0,0,4,45.066803749892586
9,1,1,1,1,70310.36973111158,0.1,0.1,9,9,9,9,1,1,1,1,1,1,1,45.12096455662548
1,4,1,0,4,38775.50242568806,2.0,0.5,4,1,0,4,4,0,16,0,4,0,16,26.252999999541252
4,0,0,0,4,40645.13727862757,0.0,0.0,0,0,0,16,0,0,0,0,0,0,0,70.04741593257809
5,2,1,0,0,47048.21651826782,0.3333333333333333,0.16666666666666666,10,5,0,0,2,0,0,0,0,0,4,71.27378037956936
9,3,1,0,1,17119.527003902425,0.3,0.1,27,9,0,9,3,0,3,0,1,0,9,56.207209403070266
6,3,1,1,1,98674.12465777385,0.42857142857142855,0.14285714285714285,18,6,6,6,3,3,3,1,1,1,9,30.02650050870639
4,3,1,1,0,81318.40912706853,0.6,0.2,12,4,4,0,3,3,0,1,0,0,9,37.522855192847146
9,0,0,1,1,56007.78412092589,0.0,0.0,0,0,9,9,0,0,0,0,0,1,0,66.26383401704135
3,3,0,0,4,39884.58323085304,0.75,0.0,9,0,0,12,0,0,12,0,0,0,9,47.38273559230066
8,3,0,0,4,73268.8428966187,0.3333333333333333,0.0,24,0,0,32,0,0,12,0,0,0,9,47.34990092315954
3,4,0,1,1,64656.55759739377,1.0,0.0,12,0,3,3,0,4,4,0,0,1,16,36.074905921203154
5,4,0,1,3,34166.30681297745,0.6666666666666666,0.0,20,0,5,15,0,4,12,0,0,3,16,21.095330420578087
2,3,0,1,1,78409.7217838965,1.0,0.0,6,0,2,2,0,3,3,0,0,1,9,43.638555279733254
6,4,0,1,2,81310.76806537298,0.5714285714285714,0.0,24,0,6,12,0,4,8,0,0,2,16,28.571984303234174
4,0,0,1,2,51338.58743903033,0.0,0.0,0,0,4,8,0,0,0,0,0,2,0,58.81344786969816
8,0,0,1,4,55781.67050257611,0.0,0.0,0,0,8,32,0,0,0,0,0,4,0,43.82073850141664
4,0,1,0,1,20195.865601254773,0.0,0.2,0,4,0,4,0,0,0,0,1,0,0,78.91129134631704
2,2,1,1,4,59917.39623819869,0.6666666666666666,0.3333333333333333,4,2,2,8,2,2,8,1,4,4,4,15.16018821926825
8,0,1,0,3,55301.344261083366,0.0,0.1111111111111111,0,8,0,24,0,0,0,0,3,0,0,63.918581978035526
8,4,1,0,3,48740.65763220657,0.4444444444444444,0.1111111111111111,32,8,0,24,4,0,12,0,3,0,16,33.69025227922799
5,2,1,1,2,65121.550217390766,0.3333333333333333,0.16666666666666666,10,5,5,10,2,2,4,1,2,2,4,30.106929050752193
6,2,1,1,0,42175.68554674834,0.2857142857142857,0.14285714285714285,12,6,6,0,2,2,0,1,0,0,4,45.066803749892586
3,1,1,1,4,33834.53896056123,0.25,0.25,3,3,3,12,1,1,4,1,4,4,1,22.710703710141907
7,1,0,1,2,64353.22212555913,0.125,0.0,7,0,7,14,0,1,2,0,0,2,1,51.2366646435116
5,1,0,1,1,20344.506834989952,0.16666666666666666,0.0,5,0,5,5,0,1,1,0,0,1,1,58.73301932765236
1,3,1,0,0,43695.01000510291,1.5,0.5,3,1,0,0,3,0,0,0,0,0,9,63.74296569018037
3,4,1,0,0,32120.31732131164,1.0,0.25,12,3,0,0,4,0,0,0,0,0,16,56.172749397822045
1,1,0,0,1,20400.85757731643,0.5,0.0,1,0,0,1,0,0,1,0,0,0,1,84.9596967588138
6,2,1,1,0,38473.352409508116,0.2857142857142857,0.14285714285714285,12,6,6,0,2,2,0,1,0,0,4,45.066803749892586
4,3,0,1,3,57903.09899896326,0.6,0.0,12,0,4,12,0,3,9,0,0,3,9,28.65897977910819
7,0,0,0,4,45673.40458299233,0.0,0.0,0,0,0,28,0,0,0,0,0,0,0,70.02771513109342
4,4,0,0,4,80295.56011083504,0.8,0.0,16,0,0,16,0,0,16,0,0,0,16,39.819086233770555
1,2,1,0,0,63027.79098918918,1.0,0.5,2,1,0,0,2,0,0,0,0,0,4,71.30004811488226
3,0,0,0,4,44666.985644372086,0.0,0.0,0,0,0,12,0,0,0,0,0,0,0,70.05398286640632
4,0,1,0,2,41212.92168916126,0.0,0.2,0,4,0,8,0,0,0,0,2,0,0,71.42807052983274
7,3,0,1,0,40954.94682612042,0.375,0.0,21,0,7,0,0,3,0,0,0,0,9,51.08894142707644
9,0,0,1,1,39697.350327809356,0.0,0.0,0,0,9,9,0,0,0,0,0,1,0,66.26383401704135
8,3,1,1,0,68581.66485513182,0.3333333333333333,0.1111111111111111,24,8,8,0,3,3,0,1,0,0,9,37.49658745753425
7,0,1,1,2,61541.34984595718,0.0,0.125,0,7,7,14,0,0,0,1,2,2,0,45.207960032499514
2,2,1,0,3,50265.68733561222,0.6666666666666666,0.3333333333333333,4,2,0,6,2,0,6,0,3,0,4,48.84381873160111
9,3,1,0,3,42833.64421319488,0.3,0.1,27,9,0,27,3,0,9,0,3,0,9,41.24076777010165
4,0,0,1,0,29112.504899732845,0.0,0.0,0,0,4,0,0,0,0,0,0,0,0,73.77988950266678
5,0,0,0,3,42703.653614250135,0.0,0.0,0,0,0,15,0,0,0,0,0,0,0,77.52406981523418
6,2,0,1,2,67450.09763350333,0.2857142857142857,0.0,12,0,6,12,0,2,4,0,0,2,4,43.68614915263794
5,3,0,1,2,52871.39179359824,0.5,0.0,15,0,5,10,0,3,6,0,0,2,9,36.135633661764274
2,0,0,0,0,34808.347750425826,0.0,0.0,0,0,0,0,0,0,0,0,0,0,0,99.99343306617178
6,4,1,0,2,43810.887092439705,0.5714285714285714,0.14285714285714285,24,6,0,12,4,0,8,0,2,0,16,41.18660696336875
4,0,1,1,2,31559.682467586455,0.0,0.2,0,4,4,8,0,0,0,1,2,2,0,45.22766083398419
4,4,0,0,3,35021.448425182694,0.8,0.0,16,0,0,12,0,0,12,0,0,0,16,47.30230705025486
3,0,1,0,2,54819.109185734735,0.0,0.25,0,3,0,6,0,0,0,0,2,0,0,71.43463746366096
7,1,0,1,0,27101.486539117734,0.125,0.0,7,0,7,0,0,1,0,0,0,0,1,66.20310627648021
5,1,0,1,2,28666.25048144887,0.16666666666666666,0.0,5,0,5,10,0,1,2,0,0,2,1,51.24979851116805
2,4,0,1,1,39050.993332974474,1.3333333333333333,0.0,8,0,2,2,0,4,4,0,0,1,16,36.08147285503138
7,0,0,0,4,62677.931951003964,0.0,0.0,0,0,0,28,0,0,0,0,0,0,0,70.02771513109342
5,0,0,1,0,40414.96359184288,0.0,0.0,0,0,5,0,0,0,0,0,0,0,0,73.77332256883855
6,2,1,1,3,70102.43720817365,0.2857142857142857,0.14285714285714285,12,6,6,18,2,2,6,1,3,3,4,22.61714130043966
7,1,1,0,3,64051.60497802872,0.125,0.125,7,7,0,21,1,0,3,0,3,0,1,56.36806648716187
2,4,0,1,1,5466.9206909398345,1.3333333333333333,0.0,8,0,2,2,0,4,4,0,0,1,16,36.08147285503138
3,1,1,0,0,28891.837717043614,0.25,0.25,3,3,0,0,1,0,0,0,0,0,1,78.8439966719277
6,4,0,0,4,59904.681164613095,0.5714285714285714,0.0,24,0,0,24,0,0,16,0,0,0,16,39.805952366114106
2,2,1,1,4,89029.44915450625,0.6666666666666666,0.3333333333333333,4,2,2,8,2,2,8,1,4,4,4,15.16018821926825
7,1,1,0,2,69238.91674464746,0.125,0.125,7,7,0,14,1,0,2,0,2,0,1,63.85128730364618
2,1,1,1,0,44616.909186183424,0.3333333333333333,0.3333333333333333,2,2,2,0,1,1,0,1,0,0,1,52.65015390990737
4,2,1,0,0,40438.9587478333,0.4,0.2,8,4,0,0,2,0,0,0,0,0,4,71.28034731339758
9,4,0,1,2,43293.3503540634,0.4,0.0,36,0,9,18,0,4,8,0,0,2,16,28.5522835017495
1,0,1,0,0,34227.74655708551,0.0,0.5,0,1,0,0,0,0,0,0,0,0,0,86.41421296428602
4,1,0,1,3,30014.5959302564,0.2,0.0,4,0,4,12,0,1,3,0,0,3,1,43.773144628511965
3,3,0,1,0,64014.44867543424,0.75,0.0,9,0,3,0,0,3,0,0,0,0,9,51.11520916238934
9,3,1,1,4,73423.20679140478,0.3,0.1,27,9,9,36,3,3,12,1,4,4,9,7.557137257768789
6,3,1,1,0,62132.673652499674,0.42857142857142855,0.14285714285714285,18,6,6,0,3,3,0,1,0,0,9,37.5097213251907
4,0,0,0,3,52393.36286723082,0.0,0.0,0,0,0,12,0,0,0,0,0,0,0,77.53063674906241
4,1,0,0,0,20591.099429344762,0.2,0.0,4,0,0,0,0,0,0,0,0,0,1,92.42321677381344
1,3,1,0,1,55461.92119554472,1.5,0.5,3,1,0,1,3,0,3,0,1,0,9,56.259744873696064
4,1,0,1,3,88220.2068579947,0.2,0.0,4,0,4,12,0,1,3,0,0,3,1,43.773144628511965
8,3,0,0,0,14774.100309302092,0.3333333333333333,0.0,24,0,0,0,0,0,0,0,0,0,9,77.28278418909677
3,2,0,1,3,24035.331405441815,0.5,0.0,6,0,3,9,0,2,6,0,0,3,4,36.2226291376383
6,3,1,0,2,87029.61137250811,0.42857142857142855,0.14285714285714285,18,6,0,12,3,0,6,0,2,0,9,48.743689388070635
4,4,0,0,0,49233.80552206428,0.8,0.0,16,0,0,0,0,0,0,0,0,0,16,69.75196949970778
4,1,1,0,1,34613.69424684568,0.2,0.2,4,4,0,4,1,0,1,0,1,0,1,71.35420892161517
5,2,0,1,0,66889.76178881737,0.3333333333333333,0.0,10,0,5,0,0,2,0,0,0,0,4,58.65915771943477
8,2,1,1,1,15364.244822079228,0.2222222222222222,0.1111111111111111,16,8,8,8,2,2,2,1,1,1,4,37.57044906575182
5,2,1,0,2,16575.339456545007,0.3333333333333333,0.16666666666666666,10,5,0,10,2,0,4,0,2,0,4,56.30733874660075
8,2,0,1,3,62318.823967326105,0.2222222222222222,0.0,16,0,8,24,0,2,6,0,0,3,4,36.189794468497176
3,2,1,1,4,49784.0188700535,0.5,0.25,6,3,3,12,2,2,8,1,4,4,4,15.153621285440025
7,0,1,1,0,73925.61651350028,0.0,0.125,0,7,7,0,0,0,0,1,0,0,0,60.174401665468125
8,3,0,0,2,55566.6339490785,0.3333333333333333,0.0,24,0,0,16,0,0,6,0,0,0,9,62.316342556128156
2,4,0,1,0,64646.76245501051,1.3333333333333333,0.0,8,0,2,0,0,4,0,0,0,0,16,43.564693671515684
6,2,0,1,3,41165.27978446102,0.2857142857142857,0.0,12,0,6,18,0,2,6,0,0,3,4,36.202928336153626
4,2,0,1,2,55291.372991799835,0.4,0.0,8,0,4,8,0,2,4,0,0,2,4,43.69928302029439
4,3,0,0,2,70339.72890966556,0.6,0.0,12,0,0,8,0,0,6,0,0,0,9,62.342610291441055
9,0,1,0,3,68072.05461563668,0.0,0.1,0,9,0,27,0,0,0,0,3,0,0,63.9120150442073
4,4,0,0,1,47886.76037285579,0.8,0.0,16,0,0,4,0,0,4,0,0,0,16,62.26874868322348
5,2,0,1,4,66318.58736289333,0.3333333333333333,0.0,10,0,5,20,0,2,8,0,0,4,4,28.726274453497542
6,2,0,1,2,47824.984380318965,0.2857142857142857,0.0,12,0,6,12,0,2,4,0,0,2,4,43.68614915263794
1,2,1,1,2,47352.076221832715,1.0,0.5,2,1,1,2,2,2,4,1,2,2,4,30.133196786065092
2,0,0,0,2,51287.209915620835,0.0,0.0,0,0,0,4,0,0,0,0,0,0,0,85.02699143320316
1,4,0,0,2,27894.258606063395,2.0,0.0,4,0,0,2,0,0,8,0,0,0,16,54.80522866822385
5,1,0,0,1,63822.12283507956,0.16666666666666666,0.0,5,0,0,5,0,0,1,0,0,0,1,84.9334290235009
8,4,1,1,2,53316.95141821297,0.4444444444444444,0.1111111111111111,32,8,8,16,4,4,8,1,2,2,16,14.97306339986375
9,4,0,0,1,12431.478849568863,0.4,0.0,36,0,0,9,0,0,4,0,0,0,16,62.235914014082354
8,2,1,1,1,37534.85624414768,0.2222222222222222,0.1111111111111111,16,8,8,8,2,2,2,1,1,1,4,37.57044906575182
4,0,1,1,0,60175.58760669242,0.0,0.2,0,4,4,0,0,0,0,1,0,0,0,60.1941024669528
3,3,0,0,1,31922.900145494586,0.75,0.0,9,0,0,3,0,0,3,0,0,0,9,69.83239804175358
6,3,0,1,1,50896.76835363932,0.42857142857142855,0.0,18,0,6,6,0,3,3,0,0,1,9,43.612287544420354
8,0,1,1,3,50376.68534618577,0.0,0.1111111111111111,0,8,8,24,0,0,0,1,3,3,0,37.71817228218698
4,0,0,0,0,71891.66738342373,0.0,0.0,0,0,0,0,0,0,0,0,0,0,0,99.98029919851533
8,3,0,1,1,67318.7768754375,0.3333333333333333,0.0,24,0,8,8,0,3,3,0,0,1,9,43.599153676763905
6,2,0,0,3,87033.69220901738,0.2857142857142857,0.0,12,0,0,18,0,0,6,0,0,0,4,62.403338032002175
2,2,0,0,1,71184.23794869718,0.6666666666666666,0.0,4,0,0,2,0,0,2,0,0,0,4,77.39604740028369
7,4,1,0,3,35524.00073698588,0.5,0.125,28,7,0,21,4,0,12,0,3,0,16,33.696819213056216
6,4,0,1,2,25845.81141335812,0.5714285714285714,0.0,24,0,6,12,0,4,8,0,0,2,16,28.571984303234174
6,3,1,0,2,27586.18184432125,0.42857142857142855,0.14285714285714285,18,6,0,12,3,0,6,0,2,0,9,48.743689388070635
3,2,0,1,4,49409.59658774979,0.5,0.0,6,0,3,12,0,2,8,0,0,4,4,28.73940832115399
2,4,1,1,0,80865.54166618513,1.3333333333333333,0.3333333333333333,8,2,2,0,4,4,0,1,0,0,16,29.978906635801714
2,0,0,1,3,35995.04396174135,0.0,0.0,0,0,2,6,0,0,0,0,0,3,0,51.343360920870296
7,0,1,1,1,42765.481236301646,0.0,0.125,0,7,7,7,0,0,0,1,1,1,0,52.69118084898382
5,4,1,1,0,41321.11107835829,0.6666666666666666,0.16666666666666666,20,5,5,0,4,4,0,1,0,0,16,29.95920583431704
6,4,1,1,3,45171.866222143144,0.5714285714285714,0.14285714285714285,24,6,6,18,4,4,12,1,3,3,16,7.502976451035889
8,1,0,1,0,3699.762912514103,0.1111111111111111,0.0,8,0,8,0,0,1,0,0,0,0,1,66.19653934265199
5,4,1,1,2,18176.716333966084,0.6666666666666666,0.16666666666666666,20,5,5,10,4,4,8,1,2,2,16,14.992764201348425
8,1,0,0,4,59760.486004253806,0.1111111111111111,0.0,8,0,0,32,0,0,4,0,0,0,1,62.46406577256331
9,4,0,0,4,43936.67956039465,0.4,0.0,36,0,0,36,0,0,16,0,0,0,16,39.78625156462943
6,2,1,0,0,29393.9229240343,0.2857142857142857,0.14285714285714285,12,6,0,0,2,0,0,0,0,0,4,71.26721344574113
6,4,1,0,4,33177.61105583086,0.5714285714285714,0.14285714285714285,24,6,0,24,4,0,16,0,4,0,16,26.220165330400132
1,3,0,1,0,33463.512832414635,1.5,0.0,3,0,1,0,0,3,0,0,0,0,9,51.12834303004579
7,2,0,0,4,56415.62063883693,0.25,0.0,14,0,0,28,0,0,8,0,0,0,4,54.913550281689645
7,2,0,0,4,33578.7495744903,0.25,0.0,14,0,0,28,0,0,8,0,0,0,4,54.913550281689645
5,4,0,1,3,47083.01435439437,0.6666666666666666,0.0,20,0,5,15,0,4,12,0,0,3,16,21.095330420578087
5,0,1,0,1,22826.126863858306,0.0,0.16666666666666666,0,5,0,5,0,0,0,0,1,0,0,78.90472441248882
5,4,1,1,0,32337.709634429793,0.6666666666666666,0.16666666666666666,20,5,5,0,4,4,0,1,0,0,16,29.95920583431704
7,4,1,1,4,49092.50081891586,0.5,0.125,28,7,7,28,4,4,16,1,4,4,16,0.013188700723355514
2,0,0,1,2,44389.45834942082,0.0,0.0,0,0,2,4,0,0,0,0,0,2,0,58.82658173735461
3,2,0,0,1,73474.64598717148,0.5,0.0,6,0,0,3,0,0,2,0,0,0,4,77.38948046645547
2,0,1,0,1,77578.13603548528,0.0,0.3333333333333333,0,2,0,2,0,0,0,0,1,0,0,78.92442521397349
9,1,0,1,4,50239.32400305274,0.1,0.0,9,0,9,36,0,1,4,0,0,4,1,36.257089142886535
5,3,1,0,3,35000.27691115145,0.5,0.16666666666666666,15,5,0,15,3,0,9,0,3,0,9,41.26703550541455
9,3,1,0,4,72575.14095686315,0.3,0.1,27,9,0,36,3,0,12,0,4,0,9,33.75754695361734
7,2,0,0,3,31045.222210949578,0.25,0.0,14,0,0,21,0,0,6,0,0,0,4,62.39677109817395
8,3,0,0,0,34333.92766435241,0.3333333333333333,0.0,24,0,0,0,0,0,0,0,0,0,9,77.28278418909677
4,2,0,1,4,56934.17837200563,0.4,0.0,8,0,4,16,0,2,8,0,0,4,4,28.732841387325767
6,0,1,0,4,64809.79637761475,0.0,0.14285714285714285,0,6,0,24,0,0,0,0,4,0,0,56.44849502920767
6,2,0,0,1,48828.24998826838,0.2857142857142857,0.0,12,0,0,6,0,0,2,0,0,0,4,77.36977966497079
9,4,0,0,2,39091.85846884671,0.4,0.0,36,0,0,18,0,0,8,0,0,0,16,54.75269319759805
3,3,0,0,3,50422.912707729614,0.75,0.0,9,0,0,9,0,0,9,0,0,0,9,54.86595640878497
3,4,1,0,4,48676.906588262806,1.0,0.25,12,3,0,12,4,0,16,0,4,0,16,26.239866131884806
1,0,0,1,4,62945.005722642,0.0,0.0,0,0,1,4,0,0,0,0,0,4,0,43.866707038214216
9,2,1,1,1,53183.82475241268,0.2,0.1,18,9,9,9,2,2,2,1,1,1,4,37.5638821319236
4,2,1,0,2,71453.01985566273,0.4,0.2,8,4,0,8,2,0,4,0,2,0,4,56.313905680428974
1,3,1,0,4,18540.54846248008,1.5,0.5,3,1,0,4,3,0,12,0,4,0,9,33.81008242424314
6,0,1,1,3,41673.18473961143,0.0,0.14285714285714285,0,6,6,18,0,0,0,1,3,3,0,37.73130614984343
5,3,1,0,2,19885.594407989807,0.5,0.16666666666666666,15,5,0,10,3,0,6,0,2,0,9,48.75025632189886
9,4,1,1,4,43790.81177728251,0.4,0.1,36,9,9,36,4,4,16,1,4,4,16,5.4833066905904856e-05
6,0,1,0,1,60948.82292375945,0.0,0.14285714285714285,0,6,0,6,0,0,0,0,1,0,0,78.8981574786606
8,2,1,1,2,32496.213302566877,0.2222222222222222,0.1111111111111111,16,8,8,16,2,2,4,1,2,2,4,30.08722824926752
8,2,1,1,1,41494.39432376663,0.2222222222222222,0.1111111111111111,16,8,8,8,2,2,2,1,1,1,4,37.57044906575182
1,1,1,0,1,74033.24713583819,0.5,0.5,1,1,0,1,1,0,1,0,1,0,1,71.37390972309984
5,2,0,1,2,93390.37143896485,0.3333333333333333,0.0,10,0,5,10,0,2,4,0,0,2,4,43.69271608646616
8,2,1,1,2,103541.03858423198,0.2222222222222222,0.1111111111111111,16,8,8,16,2,2,4,1,2,2,4,30.08722824926752
8,3,0,0,2,69490.9693306557,0.3333333333333333,0.0,24,0,0,16,0,0,6,0,0,0,9,62.316342556128156
4,0,1,1,2,52537.94060549189,0.0,0.2,0,4,4,8,0,0,0,1,2,2,0,45.22766083398419
9,2,0,0,1,20477.300461954994,0.2,0.0,18,0,0,9,0,0,2,0,0,0,4,77.35007886348612
9,1,1,0,0,40664.8227112247,0.1,0.1,9,9,0,0,1,0,0,0,0,0,1,78.80459506895835
2,4,0,1,1,26989.822900205036,1.3333333333333333,0.0,8,0,2,2,0,4,4,0,0,1,16,36.08147285503138
1,2,0,0,0,46687.68324881367,1.0,0.0,2,0,0,0,0,0,0,0,0,0,4,84.88583515059622
7,0,0,0,4,83269.43102358414,0.0,0.0,0,0,0,28,0,0,0,0,0,0,0,70.02771513109342
9,2,1,1,4,44141.55398236833,0.2,0.1,18,9,9,36,2,2,8,1,4,4,4,15.114219682470676
4,4,1,1,2,58273.39640040048,0.8,0.2,16,4,4,8,4,4,8,1,2,2,16,14.99933113517665
8,3,1,1,1,65660.94847665046,0.3333333333333333,0.1111111111111111,24,8,8,8,3,3,3,1,1,1,9,30.01336664104994
2,3,0,1,3,21317.225870979157,1.0,0.0,6,0,2,6,0,3,9,0,0,3,9,28.67211364676464
9,3,0,0,3,8801.526195969273,0.3,0.0,27,0,0,27,0,0,9,0,0,0,9,54.82655480581562
8,1,0,0,4,62312.13304820248,0.1111111111111111,0.0,8,0,0,32,0,0,4,0,0,0,1,62.46406577256331
3,4,1,0,4,73249.87253717182,1.0,0.25,12,3,0,12,4,0,16,0,4,0,16,26.239866131884806
8,1,0,1,0,68840.53384214468,0.1111111111111111,0.0,8,0,8,0,0,1,0,0,0,0,1,66.19653934265199
8,0,0,0,1,77379.67828147959,0.0,0.0,0,0,0,8,0,0,0,0,0,0,0,92.47081064671812
6,2,0,0,3,55584.87782423859,0.2857142857142857,0.0,12,0,0,18,0,0,6,0,0,0,4,62.403338032002175
6,1,1,0,3,55830.80274430075,0.14285714285714285,0.14285714285714285,6,6,0,18,1,0,3,0,3,0,1,56.374633420990094
5,0,0,0,1,47125.61484125639,0.0,0.0,0,0,0,5,0,0,0,0,0,0,0,92.4905114482028
4,3,0,1,0,53477.76055556314,0.6,0.0,12,0,4,0,0,3,0,0,0,0,9,51.108642228561116
5,3,0,1,3,35701.33410933396,0.5,0.0,15,0,5,15,0,3,9,0,0,3,9,28.652412845279965
1,4,0,1,1,49201.54930057541,2.0,0.0,4,0,1,1,0,4,4,0,0,1,16,36.088039788859604
7,4,1,0,2,46014.39436261717,0.5,0.125,28,7,0,14,4,0,8,0,2,0,16,41.18004002954053
3,3,0,1,3,50445.6709258634,0.75,0.0,9,0,3,9,0,3,9,0,0,3,9,28.665546712936415
5,4,0,0,0,98620.5945733591,0.6666666666666666,0.0,20,0,0,0,0,0,0,0,0,0,16,69.74540256587956
3,1,0,0,2,66078.1162161652,0.25,0.0,3,0,0,6,0,0,2,0,0,0,1,77.46334207467305
4,3,1,1,2,27023.552658014083,0.6,0.2,12,4,4,8,3,3,6,1,2,2,9,22.556413559878536
7,0,0,0,2,60167.91899718399,0.0,0.0,0,0,0,14,0,0,0,0,0,0,0,84.99415676406204
2,3,0,0,3,45264.45456184678,1.0,0.0,6,0,0,6,0,0,9,0,0,0,9,54.87252334261319
9,1,1,1,4,30501.468918397848,0.1,0.1,9,9,9,36,1,1,4,1,4,4,1,22.671302107172558
9,4,1,0,0,88527.48340161817,0.4,0.1,36,9,0,0,4,0,0,0,0,0,16,56.133347794852696
6,3,0,0,1,78754.67943151444,0.42857142857142855,0.0,18,0,0,6,0,0,3,0,0,0,9,69.8126972402689
6,4,0,1,4,56585.16329802403,0.5714285714285714,0.0,24,0,6,24,0,4,16,0,0,4,16,13.605542670265553
4,3,1,1,2,47309.38008158222,0.6,0.2,12,4,4,8,3,3,6,1,2,2,9,22.556413559878536
2,2,1,0,0,52683.87337262633,0.6666666666666666,0.3333333333333333,4,2,0,0,2,0,0,0,0,0,4,71.29348118105403
5,3,0,1,3,118.09555320527579,0.5,0.0,15,0,5,15,0,3,9,0,0,3,9,28.652412845279965
4,3,0,1,3,31812.77596430623,0.6,0.0,12,0,4,12,0,3,9,0,0,3,9,28.65897977910819
9,2,1,0,2,48075.42430531471,0.2,0.1,18,9,0,18,2,0,4,0,2,0,4,56.28107101128785
2,1,0,0,0,38556.35370500779,0.3333333333333333,0.0,2,0,0,0,0,0,0,0,0,0,1,92.43635064146989
8,1,0,0,1,6016.7168941538985,0.1111111111111111,0.0,8,0,0,8,0,0,1,0,0,0,1,84.91372822201623
4,2,0,1,3,57363.973530617506,0.4,0.0,8,0,4,12,0,2,6,0,0,3,4,36.216062203810075
5,2,0,1,0,44519.84715185874,0.3333333333333333,0.0,10,0,5,0,0,2,0,0,0,0,4,58.65915771943477
3,4,1,0,3,41622.30706178965,1.0,0.25,12,3,0,9,4,0,12,0,3,0,16,33.723086948369115
9,1,0,1,0,51107.87444090705,0.1,0.0,9,0,9,0,0,1,0,0,0,0,1,66.18997240882376
4,4,1,1,4,45170.028259232364,0.8,0.2,16,4,4,16,4,4,16,1,4,4,16,0.032889502208029935
8,0,0,1,0,36189.651956723945,0.0,0.0,0,0,8,0,0,0,0,0,0,0,0,73.75362176735388
9,1,0,1,1,62737.8812205483,0.1,0.0,9,0,9,9,0,1,1,0,0,1,1,58.70675159233946
8,4,1,1,0,28999.734003109792,0.4444444444444444,0.1111111111111111,32,8,8,0,4,4,0,1,0,0,16,29.939505032832365
2,3,1,1,0,69222.58240366337,1.0,0.3333333333333333,6,2,2,0,3,3,0,1,0,0,9,37.535989060503596
4,4,1,1,4,59125.7314699668,0.8,0.2,16,4,4,16,4,4,16,1,4,4,16,0.032889502208029935
7,3,0,1,3,33545.16325912265,0.375,0.0,21,0,7,21,0,3,9,0,0,3,9,28.639278977623515
2,3,1,0,1,72022.44073504544,1.0,0.3333333333333333,6,2,0,2,3,0,3,0,1,0,9,56.25317793986784
7,2,0,0,3,82599.08750734535,0.25,0.0,14,0,0,21,0,0,6,0,0,0,4,62.39677109817395
9,2,0,1,3,18960.22707648213,0.2,0.0,18,0,9,27,0,2,6,0,0,3,4,36.18322753466895
8,3,1,1,1,68177.35131377951,0.3333333333333333,0.1111111111111111,24,8,8,8,3,3,3,1,1,1,9,30.01336664104994
5,1,1,0,2,71004.25951053436,0.16666666666666666,0.16666666666666666,5,5,0,10,1,0,2,0,2,0,1,63.86442117130263
4,2,1,0,2,33189.69020704835,0.4,0.2,8,4,0,8,2,0,4,0,2,0,4,56.313905680428974
2,1,0,1,1,50998.682322408575,0.3333333333333333,0.0,2,0,2,2,0,1,1,0,0,1,1,58.75272012913703
9,3,0,1,4,23522.591378000216,0.3,0.0,27,0,9,36,0,3,12,0,0,4,9,21.142924293482757
3,0,0,1,4,65635.6432126244,0.0,0.0,0,0,3,12,0,0,0,0,0,4,0,43.853573170557766
2,3,0,1,0,47979.402039588174,1.0,0.0,6,0,2,0,0,3,0,0,0,0,9,51.121776096217566
8,0,1,0,4,64722.73997573449,0.0,0.1111111111111111,0,8,0,32,0,0,0,0,4,0,0,56.43536116155122
4,3,1,0,0,40038.70260994012,0.6,0.2,12,4,0,0,3,0,0,0,0,0,9,63.723264888695695
8,4,1,0,2,62607.07530105897,0.4444444444444444,0.1111111111111111,32,8,0,16,4,0,8,0,2,0,16,41.1734730957123
5,2,0,0,0,41851.36064058029,0.3333333333333333,0.0,10,0,0,0,0,0,0,0,0,0,4,84.85956741528332
2,3,0,0,2,40982.53622639216,1.0,0.0,6,0,0,4,0,0,6,0,0,0,9,62.355744159097505
8,2,1,0,4,49241.28240950376,0.2222222222222222,0.1111111111111111,16,8,0,32,2,0,8,0,4,0,4,41.32119631214746
4,3,1,1,3,76019.90660957311,0.6,0.2,12,4,4,12,3,3,9,1,3,3,9,15.073192743394223
3,3,1,0,3,30000.51049425611,0.75,0.25,9,3,0,9,3,0,9,0,3,0,9,41.280169373071
6,3,1,1,2,66049.94541794538,0.42857142857142855,0.14285714285714285,18,6,6,12,3,3,6,1,2,2,9,22.543279692222086
9,1,0,0,1,66755.40167745232,0.1,0.0,9,0,0,9,0,0,1,0,0,0,1,84.90716128818801
9,3,1,1,0,53561.44036565961,0.3,0.1,27,9,9,0,3,3,0,1,0,0,9,37.49002052370602
2,3,1,0,3,45632.922413681146,1.0,0.3333333333333333,6,2,0,6,3,0,9,0,3,0,9,41.28673630689922
3,1,0,1,0,57215.7733818177,0.25,0.0,3,0,3,0,0,1,0,0,0,0,1,66.22937401179311
3,1,0,1,2,51889.41293024968,0.25,0.0,3,0,3,6,0,1,2,0,0,2,1,51.2629323788245
6,2,0,1,0,59427.223795196864,0.2857142857142857,0.0,12,0,6,0,0,2,0,0,0,0,4,58.65259078560655
3,2,1,1,1,45522.38835370546,0.5,0.25,6,3,3,3,2,2,2,1,1,1,4,37.60328373489295
5,2,1,0,1,72675.86942667219,0.3333333333333333,0.16666666666666666,10,5,0,5,2,0,2,0,1,0,4,63.790559563085054
7,3,1,1,4,44663.650505385325,0.375,0.125,21,7,7,28,3,3,12,1,4,4,9,7.570271125425239
7,0,1,0,0,55369.857237484575,0.0,0.125,0,7,0,0,0,0,0,0,0,0,0,86.37481136131667
6,3,1,0,4,76715.98460411237,0.42857142857142855,0.14285714285714285,18,6,0,24,3,0,12,0,4,0,9,33.77724775510202
4,1,1,0,4,47456.29109546218,0.2,0.2,4,4,0,16,1,0,4,0,4,0,1,48.90454647216224
5,4,1,1,1,38531.50120331649,0.6666666666666666,0.16666666666666666,20,5,5,5,4,4,4,1,1,1,16,22.47598501783273
6,2,0,0,3,77554.85097182312,0.2857142857142857,0.0,12,0,0,18,0,0,6,0,0,0,4,62.403338032002175
9,3,0,0,1,57561.24312080601,0.3,0.0,27,0,0,9,0,0,3,0,0,0,9,69.79299643878423
2,0,0,1,1,31838.916859287296,0.0,0.0,0,0,2,2,0,0,0,0,0,1,0,66.30980255383892
3,0,1,0,3,43396.42584819111,0.0,0.25,0,3,0,9,0,0,0,0,3,0,0,63.95141664717665
4,3,0,1,3,95373.75869198254,0.6,0.0,12,0,4,12,0,3,9,0,0,3,9,28.65897977910819
9,1,1,0,0,45614.67095859493,0.1,0.1,9,9,0,0,1,0,0,0,0,0,1,78.80459506895835
8,3,0,1,3,78843.70970171069,0.3333333333333333,0.0,24,0,8,24,0,3,9,0,0,3,9,28.63271204379529
1,3,0,1,0,22552.179375796368,1.5,0.0,3,0,1,0,0,3,0,0,0,0,9,51.12834303004579
6,4,1,0,2,63203.70877914523,0.5714285714285714,0.14285714285714285,24,6,0,12,4,0,8,0,2,0,16,41.18660696336875
7,2,0,1,2,63677.56570445214,0.25,0.0,14,0,7,14,0,2,4,0,0,2,4,43.67958221880971
3,4,0,0,2,56033.823972092956,1.0,0.0,12,0,0,6,0,0,8,0,0,0,16,54.7920948005674
7,3,0,0,2,51416.81515104678,0.375,0.0,21,0,0,14,0,0,6,0,0,0,9,62.32290948995638
3,2,1,1,2,84333.74964285706,0.5,0.25,6,3,3,6,2,2,4,1,2,2,4,30.120062918408642
6,1,0,0,0,57245.82065611762,0.14285714285714285,0.0,6,0,0,0,0,0,0,0,0,0,1,92.41008290615699
6,0,1,1,0,69753.29991199115,0.0,0.14285714285714285,0,6,6,0,0,0,0,1,0,0,0,60.18096859929635
1,3,1,0,1,50537.40917076202,1.5,0.5,3,1,0,1,3,0,3,0,1,0,9,56.259744873696064
2,4,1,1,0,40922.21369129261,1.3333333333333333,0.3333333333333333,8,2,2,0,4,4,0,1,0,0,16,29.978906635801714
3,3,0,1,0,54048.15761481916,0.75,0.0,9,0,3,0,0,3,0,0,0,0,9,51.11520916238934
6,4,0,1,2,76859.33314792006,0.5714285714285714,0.0,24,0,6,12,0,4,8,0,0,2,16,28.571984303234174
4,0,1,1,4,32853.2634141242,0.0,0.2,0,4,4,16,0,0,0,1,4,4,0,30.261219201015567
6,0,1,1,4,54552.4771487041,0.0,0.14285714285714285,0,6,6,24,0,0,0,1,4,4,0,30.248085333359118
3,0,0,0,2,42332.89307808281,0.0,0.0,0,0,0,6,0,0,0,0,0,0,0,85.02042449937494
9,3,0,0,0,37963.40846201114,0.3,0.0,27,0,0,0,0,0,0,0,0,0,9,77.27621725526855
4,2,0,1,1,40362.723726630036,0.4,0.0,8,0,4,4,0,2,2,0,0,1,4,51.18250383677869
6,3,1,1,3,77981.5264731868,0.42857142857142855,0.14285714285714285,18,6,6,18,3,3,9,1,3,3,9,15.060058875737774
3,0,1,1,2,59223.478324229705,0.0,0.25,0,3,3,6,0,0,0,1,2,2,0,45.23422776781241
3,0,0,0,3,26293.925391642348,0.0,0.0,0,0,0,9,0,0,0,0,0,0,0,77.53720368289063
3,1,1,0,3,42046.96939883127,0.25,0.25,3,3,0,9,1,0,3,0,3,0,1,56.39433422247477
7,3,0,1,2,28428.66789793227,0.375,0.0,21,0,7,14,0,3,6,0,0,2,9,36.122499794107824
9,3,1,0,0,78378.84448879656,0.3,0.1,27,9,0,0,3,0,0,0,0,0,9,63.69043021955457
8,0,1,1,1,47039.72825584737,0.0,0.1111111111111111,0,8,8,8,0,0,0,1,1,1,0,52.684613915155595
4,1,0,0,2,52568.45698721212,0.2,0.0,4,0,0,8,0,0,2,0,0,0,1,77.45677514084483
5,4,1,0,2,66536.11995581674,0.6666666666666666,0.16666666666666666,20,5,0,10,4,0,8,0,2,0,16,41.19317389719698
2,2,0,0,0,85247.02181684968,0.6666666666666666,0.0,4,0,0,0,0,0,0,0,0,0,4,84.879268216768
1,4,1,1,1,57768.39632087171,2.0,0.5,4,1,1,1,4,4,4,1,1,1,16,22.50225275314563
2,1,1,0,2,72317.80401228351,0.3333333333333333,0.3333333333333333,2,2,0,4,1,0,2,0,2,0,1,63.884121972787305
8,3,1,0,4,87126.90004673673,0.3333333333333333,0.1111111111111111,24,8,0,32,3,0,12,0,4,0,9,33.76411388744557
8,2,0,0,3,81569.94103705362,0.2222222222222222,0.0,16,0,0,24,0,0,6,0,0,0,4,62.390204164345725
8,3,0,0,3,3139.322203713571,0.3333333333333333,0.0,24,0,0,24,0,0,9,0,0,0,9,54.83312173964384
8,4,1,1,2,47375.108254981365,0.4444444444444444,0.1111111111111111,32,8,8,16,4,4,8,1,2,2,16,14.97306339986375
6,4,0,0,3,47785.21016606225,0.5714285714285714,0.0,24,0,0,18,0,0,12,0,0,0,16,47.28917318259841
4,1,0,0,0,51066.51230017355,0.2,0.0,4,0,0,0,0,0,0,0,0,0,1,92.42321677381344
3,3,1,0,1,30667.097346857376,0.75,0.25,9,3,0,3,3,0,3,0,1,0,9,56.246611006039615
2,2,1,1,4,78340.75586136655,0.6666666666666666,0.3333333333333333,4,2,2,8,2,2,8,1,4,4,4,15.16018821926825
4,4,0,0,1,13714.588143040222,0.8,0.0,16,0,0,4,0,0,4,0,0,0,16,62.26874868322348
6,0,0,1,4,46637.692685634254,0.0,0.0,0,0,6,24,0,0,0,0,0,4,0,43.83387236907309
7,4,1,1,3,43545.245762970815,0.5,0.125,28,7,7,21,4,4,12,1,3,3,16,7.496409517207664
1,3,1,1,1,23134.83181703747,1.5,0.5,3,1,1,1,3,3,3,1,1,1,9,30.059335177847515
3,4,1,0,0,46581.44671105436,1.0,0.25,12,3,0,0,4,0,0,0,0,0,16,56.172749397822045
2,0,0,1,2,39447.65454915458,0.0,0.0,0,0,2,4,0,0,0,0,0,2,0,58.82658173735461
5,3,1,1,2,56929.760449728456,0.5,0.16666666666666666,15,5,5,10,3,3,6,1,2,2,9,22.54984662605031
1,3,0,1,1,62961.03321099881,1.5,0.0,3,0,1,1,0,3,3,0,0,1,9,43.64512221356148
6,0,0,1,2,6493.842076466783,0.0,0.0,0,0,6,12,0,0,0,0,0,2,0,58.80031400204171
9,3,1,1,0,43241.2446551395,0.3,0.1,27,9,9,0,3,3,0,1,0,0,9,37.49002052370602
5,1,0,1,3,14919.509699680486,0.16666666666666666,0.0,5,0,5,15,0,1,3,0,0,3,1,43.76657769468374
1,1,1,0,4,49887.862451856374,0.5,0.5,1,1,0,4,1,0,4,0,4,0,1,48.92424727364691
9,3,0,0,1,48624.07439224304,0.3,0.0,27,0,0,9,0,0,3,0,0,0,9,69.79299643878423
2,3,1,1,2,95811.96296424141,1.0,0.3333333333333333,6,2,2,4,3,3,6,1,2,2,9,22.569547427534985
7,0,0,1,4,56285.04520521637,0.0,0.0,0,0,7,28,0,0,0,0,0,4,0,43.82730543524487
7,0,1,0,4,36359.84812276991,0.0,0.125,0,7,0,28,0,0,0,0,4,0,0,56.441928095379446
6,4,1,1,4,58851.26509520546,0.5714285714285714,0.14285714285714285,24,6,6,24,4,4,16,1,4,4,16,0.019755634551580314
2,2,0,0,4,48919.67184563474,0.6666666666666666,0.0,4,0,0,8,0,0,8,0,0,0,4,54.94638495083077
3,1,1,1,1,58600.25185255062,0.25,0.25,3,3,3,3,1,1,1,1,1,1,1,45.16036615959483
3,2,1,1,1,64242.7906933376,0.5,0.25,6,3,3,3,2,2,2,1,1,1,4,37.60328373489295
1,1,1,0,4,39836.76679287116,0.5,0.5,1,1,0,4,1,0,4,0,4,0,1,48.92424727364691
2,0,1,1,1,36732.85059810086,0.0,0.3333333333333333,0,2,2,2,0,0,0,1,1,1,0,52.72401551812494
4,2,0,1,3,85507.86781293259,0.4,0.0,8,0,4,12,0,2,6,0,0,3,4,36.216062203810075
9,1,0,1,3,71309.65268062064,0.1,0.0,9,0,9,27,0,1,3,0,0,3,1,43.74030995937084
6,0,1,1,0,29662.39998728401,0.0,0.14285714285714285,0,6,6,0,0,0,0,1,0,0,0,60.18096859929635
6,4,0,0,0,47522.61796664899,0.5714285714285714,0.0,24,0,0,0,0,0,0,0,0,0,16,69.73883563205133
6,2,1,0,4,12831.361075201814,0.2857142857142857,0.14285714285714285,12,6,0,24,2,0,8,0,4,0,4,41.334330179803906
5,3,0,1,1,58498.1260071296,0.5,0.0,15,0,5,5,0,3,3,0,0,1,9,43.61885447824858
7,0,0,0,1,49854.88790718696,0.0,0.0,0,0,0,7,0,0,0,0,0,0,0,92.47737758054635
7,3,0,1,3,38627.134819504114,0.375,0.0,21,0,7,21,0,3,9,0,0,3,9,28.639278977623515
4,1,0,0,4,43800.768112831545,0.2,0.0,4,0,0,16,0,0,4,0,0,0,1,62.49033350787621
1,4,0,1,2,65476.7951765616,2.0,0.0,4,0,1,2,0,4,8,0,0,2,16,28.6048189723753
8,2,1,0,1,83076.739981188,0.2222222222222222,0.1111111111111111,16,8,0,8,2,0,2,0,1,0,4,63.77085876160038
3,4,1,1,3,6612.869357593343,1.0,0.25,12,3,3,9,4,4,12,1,3,3,16,7.522677252520563
7,1,0,0,4,28684.159788068344,0.125,0.0,7,0,0,28,0,0,4,0,0,0,1,62.470632706391534
1,2,1,0,4,46640.273773712834,1.0,0.5,2,1,0,4,2,0,8,0,4,0,4,41.36716484894503
3,4,0,0,0,63335.97462167239,1.0,0.0,12,0,0,0,0,0,0,0,0,0,16,69.75853643353601
1,2,0,1,2,62534.666787573005,1.0,0.0,2,0,1,2,0,2,4,0,0,2,4,43.71898382177906
7,2,0,1,0,49860.822011184675,0.25,0.0,14,0,7,0,0,2,0,0,0,0,4,58.646023851778324
9,2,0,0,4,63986.49945613131,0.2,0.0,18,0,0,36,0,0,8,0,0,0,4,54.900416414033195
1,3,1,0,0,75018.46151287072,1.5,0.5,3,1,0,0,3,0,0,0,0,0,9,63.74296569018037
2,3,1,1,1,31539.358782996078,1.0,0.3333333333333333,6,2,2,2,3,3,3,1,1,1,9,30.05276824401929
8,1,1,1,0,11882.35324340433,0.1111111111111111,0.1111111111111111,8,8,8,0,1,1,0,1,0,0,1,52.61075230693802
3,0,0,0,0,53495.22816481197,0.0,0.0,0,0,0,0,0,0,0,0,0,0,0,99.98686613234355
6,1,0,1,3,64839.61074760248,0.14285714285714285,0.0,6,0,6,18,0,1,3,0,0,3,1,43.760010760855515
3,3,1,0,4,78455.75273877884,0.75,0.25,9,3,0,12,3,0,12,0,4,0,9,33.79694855658669
1,2,0,1,4,49850.944691618075,1.0,0.0,2,0,1,4,0,2,8,0,0,4,4,28.75254218881044
2,1,0,1,3,76592.35840003689,0.3333333333333333,0.0,2,0,2,6,0,1,3,0,0,3,1,43.786278496168414
5,4,0,1,2,83307.79816883657,0.6666666666666666,0.0,20,0,5,10,0,4,8,0,0,2,16,28.5785512370624
8,1,0,0,2,32212.849349567266,0.1111111111111111,0.0,8,0,0,16,0,0,2,0,0,0,1,77.43050740553193
1,1,1,1,2,17334.53579940544,0.5,0.5,1,1,1,2,1,1,2,1,2,2,1,37.690279210766974
4,1,1,1,1,52358.40008616392,0.2,0.2,4,4,4,4,1,1,1,1,1,1,1,45.153799225766605
4,2,0,0,3,58631.76071098239,0.4,0.0,8,0,0,12,0,0,6,0,0,0,4,62.416471899658625
2,3,0,0,2,51564.13941493141,1.0,0.0,6,0,0,4,0,0,6,0,0,0,9,62.355744159097505
6,1,1,1,4,5943.039838104996,0.14285714285714285,0.14285714285714285,6,6,6,24,1,1,4,1,4,4,1,22.691002908657232
7,2,0,0,1,31633.694384674804,0.25,0.0,14,0,0,7,0,0,2,0,0,0,4,77.36321273114257
9,0,1,1,0,30902.847016881416,0.0,0.1,0,9,9,0,0,0,0,1,0,0,0,60.161267797811675
9,0,0,1,3,50262.64971474786,0.0,0.0,0,0,9,27,0,0,0,0,0,3,0,51.29739238407272
8,3,0,0,1,19648.103032347128,0.3333333333333333,0.0,24,0,0,8,0,0,3,0,0,0,9,69.79956337261245
1,1,0,0,1,18150.063800671407,0.5,0.0,1,0,0,1,0,0,1,0,0,0,1,84.9596967588138
2,1,0,1,3,60850.640228653574,0.3333333333333333,0.0,2,0,2,6,0,1,3,0,0,3,1,43.786278496168414
4,2,1,1,0,68591.37217056492,0.4,0.2,8,4,4,0,2,2,0,1,0,0,4,45.079937617549035
4,3,0,0,3,46450.75194599228,0.6,0.0,12,0,0,12,0,0,9,0,0,0,9,54.85938947495674
8,1,1,1,4,70189.17739292643,0.1111111111111111,0.1111111111111111,8,8,8,32,1,1,4,1,4,4,1,22.677869041000783
1,3,0,1,2,49618.03747974358,1.5,0.0,3,0,1,2,0,3,6,0,0,2,9,36.16190139707717
3,3,0,1,2,69979.20714206964,0.75,0.0,9,0,3,6,0,3,6,0,0,2,9,36.148767529420724
1,3,0,1,0,57353.15891510296,1.5,0.0,3,0,1,0,0,3,0,0,0,0,9,51.12834303004579
6,1,1,0,0,39125.850556067206,0.14285714285714285,0.14285714285714285,6,6,0,0,1,0,0,0,0,0,1,78.82429587044302
4,0,1,0,1,37068.788795783854,0.0,0.2,0,4,0,4,0,0,0,0,1,0,0,78.91129134631704
5,3,1,1,0,41124.62823897819,0.5,0.16666666666666666,15,5,5,0,3,3,0,1,0,0,9,37.51628825901892
2,1,0,0,2,33885.32036477457,0.3333333333333333,0.0,2,0,0,4,0,0,2,0,0,0,1,77.46990900850128
3,1,1,0,3,71512.09191715837,0.25,0.25,3,3,0,9,1,0,3,0,3,0,1,56.39433422247477
1,3,1,0,4,60069.92577805982,1.5,0.5,3,1,0,4,3,0,12,0,4,0,9,33.81008242424314
7,1,1,1,0,-965.2859946737517,0.125,0.125,7,7,7,0,1,1,0,1,0,0,1,52.61731924076624
1,0,0,1,1,55904.41557626278,0.0,0.0,0,0,1,1,0,0,0,0,0,1,0,66.31636948766715
6,3,1,1,2,21953.095846102973,0.42857142857142855,0.14285714285714285,18,6,6,12,3,3,6,1,2,2,9,22.543279692222086
2,1,0,1,2,39591.37409753264,0.3333333333333333,0.0,2,0,2,4,0,1,2,0,0,2,1,51.26949931265273
6,1,0,0,0,18855.270059608058,0.14285714285714285,0.0,6,0,0,0,0,0,0,0,0,0,1,92.41008290615699
4,1,1,0,3,78905.79438361534,0.2,0.2,4,4,0,12,1,0,3,0,3,0,1,56.38776728864654
7,1,0,0,2,58154.882625966195,0.125,0.0,7,0,0,14,0,0,2,0,0,0,1,77.43707433936015
5,0,0,0,2,58890.921882226896,0.0,0.0,0,0,0,10,0,0,0,0,0,0,0,85.00729063171849
4,2,1,0,1,33282.943190533406,0.4,0.2,8,4,0,4,2,0,2,0,1,0,4,63.79712649691328
6,0,0,0,0,56806.63452016253,0.0,0.0,0,0,0,0,0,0,0,0,0,0,0,99.96716533085888
4,3,1,0,1,84214.92005669331,0.6,0.2,12,4,0,4,3,0,3,0,1,0,9,56.24004407221139
7,4,1,0,3,67305.17787808902,0.5,0.125,28,7,0,21,4,0,12,0,3,0,16,33.696819213056216
8,4,0,0,2,47165.56609011181,0.4444444444444444,0.0,32,0,0,16,0,0,8,0,0,0,16,54.759260131426274
5,1,1,1,4,19798.32700238927,0.16666666666666666,0.16666666666666666,5,5,5,20,1,1,4,1,4,4,1,22.697569842485457
4,1,0,1,0,53496.951127446155,0.2,0.0,4,0,4,0,0,1,0,0,0,0,1,66.22280707796489
5,2,0,0,3,69038.97593918431,0.3333333333333333,0.0,10,0,0,15,0,0,6,0,0,0,4,62.4099049658304
5,2,0,0,0,73244.74548669117,0.3333333333333333,0.0,10,0,0,0,0,0,0,0,0,0,4,84.85956741528332
9,1,0,0,3,11890.576261071823,0.1,0.0,9,0,0,27,0,0,3,0,0,0,1,69.9407196552194
5,3,1,0,0,4217.7808829564165,0.5,0.16666666666666666,15,5,0,0,3,0,0,0,0,0,9,63.71669795486747
4,4,1,1,0,12354.088307670143,0.8,0.2,16,4,4,0,4,4,0,1,0,0,16,29.965772768145264
4,4,0,0,4,53554.541850862115,0.8,0.0,16,0,0,16,0,0,16,0,0,0,16,39.819086233770555
8,3,1,1,1,44127.42214976841,0.3333333333333333,0.1111111111111111,24,8,8,8,3,3,3,1,1,1,9,30.01336664104994
7,3,1,1,3,52105.84195297995,0.375,0.125,21,7,7,21,3,3,9,1,3,3,9,15.053491941909549
5,2,0,1,2,40082.32808801884,0.3333333333333333,0.0,10,0,5,10,0,2,4,0,0,2,4,43.69271608646616
6,3,1,0,2,39765.721229875504,0.42857142857142855,0.14285714285714285,18,6,0,12,3,0,6,0,2,0,9,48.743689388070635
3,0,1,1,2,39864.418296354845,0.0,0.25,0,3,3,6,0,0,0,1,2,2,0,45.23422776781241
4,4,0,0,0,33484.70967364358,0.8,0.0,16,0,0,0,0,0,0,0,0,0,16,69.75196949970778
8,4,1,0,1,66569.56655999093,0.4444444444444444,0.1111111111111111,32,8,0,8,4,0,4,0,1,0,16,48.65669391219661
7,3,0,1,0,22808.37324386056,0.375,0.0,21,0,7,0,0,3,0,0,0,0,9,51.08894142707644
7,4,0,0,4,61050.22174053845,0.5,0.0,28,0,0,28,0,0,16,0,0,0,16,39.79938543228588
1,0,0,0,0,59221.54195500279,0.0,0.0,0,0,0,0,0,0,0,0,0,0,0,100.0
3,4,1,0,1,55087.12995286307,1.0,0.25,12,3,0,3,4,0,4,0,1,0,16,48.68952858133773
3,3,0,1,2,46858.14266758487,0.75,0.0,9,0,3,6,0,3,6,0,0,2,9,36.148767529420724
2,4,0,1,4,75408.61633732867,1.3333333333333333,0.0,8,0,2,8,0,4,16,0,0,4,16,13.631810405578452
7,1,0,1,4,32284.77671596459,0.125,0.0,7,0,7,28,0,1,4,0,0,4,1,36.270223010542985
3,4,1,0,2,67288.5529948526,1.0,0.25,12,3,0,6,4,0,8,0,2,0,16,41.20630776485343
1,1,0,1,2,18072.376311219028,0.5,0.0,1,0,1,2,0,1,2,0,0,2,1,51.27606624648095
8,3,1,0,4,52985.02039863246,0.3333333333333333,0.1111111111111111,24,8,0,32,3,0,12,0,4,0,9,33.76411388744557
3,3,1,0,2,24487.42821006381,0.75,0.25,9,3,0,6,3,0,6,0,2,0,9,48.76339018955531
4,3,1,0,2,11446.427961747686,0.6,0.2,12,4,0,8,3,0,6,0,2,0,9,48.756823255727085
9,2,1,1,4,26833.450693637642,0.2,0.1,18,9,9,36,2,2,8,1,4,4,4,15.114219682470676
2,2,1,0,2,27373.14375221097,0.6666666666666666,0.3333333333333333,4,2,0,4,2,0,4,0,2,0,4,56.32703954808542
3,4,1,1,2,56484.52580506445,1.0,0.25,12,3,3,6,4,4,8,1,2,2,16,15.005898069004875
8,1,0,1,0,61748.42638433652,0.1111111111111111,0.0,8,0,8,0,0,1,0,0,0,0,1,66.19653934265199
7,4,0,1,0,64447.95285352676,0.5,0.0,28,0,7,0,0,4,0,0,0,0,16,43.53185900237456
1,0,0,0,2,60268.715008736384,0.0,0.0,0,0,0,2,0,0,0,0,0,0,0,85.03355836703139
3,3,1,0,0,98004.93763200051,0.75,0.25,9,3,0,0,3,0,0,0,0,0,9,63.72983182252392
1,3,0,0,4,20566.481848321615,1.5,0.0,3,0,0,4,0,0,12,0,0,0,9,47.39586945995711
6,2,0,1,2,33897.23083539821,0.2857142857142857,0.0,12,0,6,12,0,2,4,0,0,2,4,43.68614915263794
1,3,1,1,4,43460.74366400847,1.5,0.5,3,1,1,4,3,3,12,1,4,4,9,7.609672728394588
6,1,1,1,2,30463.53673083897,0.14285714285714285,0.14285714285714285,6,6,6,12,1,1,2,1,2,2,1,37.65744454162585
3,1,0,1,1,50763.15871043732,0.25,0.0,3,0,3,3,0,1,1,0,0,1,1,58.74615319530881
9,3,0,0,2,63332.04165494748,0.3,0.0,27,0,0,18,0,0,6,0,0,0,9,62.30977562229993
1,3,1,0,2,56689.348209851334,1.5,0.5,3,1,0,2,3,0,6,0,2,0,9,48.77652405721176
7,3,1,1,2,55684.38026695005,0.375,0.125,21,7,7,14,3,3,6,1,2,2,9,22.53671275839386
8,1,0,1,3,24481.180228807778,0.1111111111111111,0.0,8,0,8,24,0,1,3,0,0,3,1,43.746876893199065
1,4,0,0,1,16373.87731939483,2.0,0.0,4,0,0,1,0,0,4,0,0,0,16,62.28844948470815
6,3,1,1,3,47467.58193512956,0.42857142857142855,0.14285714285714285,18,6,6,18,3,3,9,1,3,3,9,15.060058875737774
5,1,1,0,2,14145.712256543571,0.16666666666666666,0.16666666666666666,5,5,0,10,1,0,2,0,2,0,1,63.86442117130263
7,1,0,0,3,43675.97117583039,0.125,0.0,7,0,0,21,0,0,3,0,0,0,1,69.95385352287585
8,2,0,1,2,50570.6362729629,0.2222222222222222,0.0,16,0,8,16,0,2,4,0,0,2,4,43.67301528498149
6,1,1,0,0,79176.4506317179,0.14285714285714285,0.14285714285714285,6,6,0,0,1,0,0,0,0,0,1,78.82429587044302
9,3,0,0,4,92783.57387253095,0.3,0.0,27,0,0,36,0,0,12,0,0,0,9,47.34333398933131
5,0,1,1,2,37938.02337728342,0.0,0.16666666666666666,0,5,5,10,0,0,0,1,2,2,0,45.221093900155964
3,1,0,0,1,23845.861115966913,0.25,0.0,3,0,0,3,0,0,1,0,0,0,1,84.94656289115736
1,1,1,0,0,16823.324158094758,0.5,0.5,1,1,0,0,1,0,0,0,0,0,1,78.85713053958415
5,3,1,0,4,38483.963903547905,0.5,0.16666666666666666,15,5,0,20,3,0,12,0,4,0,9,33.78381468893024
5,4,0,0,2,83695.08042203783,0.6666666666666666,0.0,20,0,0,10,0,0,8,0,0,0,16,54.77896093291095
6,1,1,1,0,68918.36570233274,0.14285714285714285,0.14285714285714285,6,6,6,0,1,1,0,1,0,0,1,52.62388617459447
8,2,1,1,2,74559.31386589623,0.2222222222222222,0.1111111111111111,16,8,8,16,2,2,4,1,2,2,4,30.08722824926752
9,3,0,0,3,61955.00720482405,0.3,0.0,27,0,0,27,0,0,9,0,0,0,9,54.82655480581562
5,0,0,1,4,57407.830315011335,0.0,0.0,0,0,5,20,0,0,0,0,0,4,0,43.840439302901316
3,2,1,1,0,73595.34245974098,0.5,0.25,6,3,3,0,2,2,0,1,0,0,4,45.08650455137726
4,4,0,1,1,24743.486823358795,0.8,0.0,16,0,4,4,0,4,4,0,0,1,16,36.06833898737493
1,1,1,0,1,45962.438730377544,0.5,0.5,1,1,0,1,1,0,1,0,1,0,1,71.37390972309984
7,1,0,0,4,72287.34510221731,0.125,0.0,7,0,0,28,0,0,4,0,0,0,1,62.470632706391534
3,2,0,0,1,47896.8798591464,0.5,0.0,6,0,0,3,0,0,2,0,0,0,4,77.38948046645547
4,4,1,0,0,25067.91596446013,0.8,0.2,16,4,0,0,4,0,0,0,0,0,16,56.16618246399382
1,3,1,1,4,30708.730493476505,1.5,0.5,3,1,1,4,3,3,12,1,4,4,9,7.609672728394588
7,4,1,0,2,37230.666210683354,0.5,0.125,28,7,0,14,4,0,8,0,2,0,16,41.18004002954053
6,0,0,1,0,66419.00685183742,0.0,0.0,0,0,6,0,0,0,0,0,0,0,0,73.76675563501033
9,2,1,0,0,67374.3731150154,0.2,0.1,18,9,0,0,2,0,0,0,0,0,4,71.24751264425646
8,0,0,0,0,46951.58865797009,0.0,0.0,0,0,0,0,0,0,0,0,0,0,0,99.95403146320243
7,3,1,1,4,61434.09639766433,0.375,0.125,21,7,7,28,3,3,12,1,4,4,9,7.570271125425239
7,0,0,0,3,12232.393328556522,0.0,0.0,0,0,0,21,0,0,0,0,0,0,0,77.51093594757774
6,3,1,1,3,58574.18669623392,0.42857142857142855,0.14285714285714285,18,6,6,18,3,3,9,1,3,3,9,15.060058875737774
6,2,0,1,3,27867.16643650548,0.2857142857142857,0.0,12,0,6,18,0,2,6,0,0,3,4,36.202928336153626
4,3,0,0,4,58355.08205852567,0.6,0.0,12,0,0,16,0,0,12,0,0,0,9,47.37616865847244
4,2,1,0,1,44044.15767867824,0.4,0.2,8,4,0,4,2,0,2,0,1,0,4,63.79712649691328
1,0,1,1,0,65578.63280640946,0.0,0.5,0,1,1,0,0,0,0,1,0,0,0,60.21380326843747
8,0,1,1,1,61563.24881958745,0.0,0.1111111111111111,0,8,8,8,0,0,0,1,1,1,0,52.684613915155595
6,3,0,0,4,45017.422446214,0.42857142857142855,0.0,18,0,0,24,0,0,12,0,0,0,9,47.36303479081599
9,3,1,1,0,32792.3976242392,0.3,0.1,27,9,9,0,3,3,0,1,0,0,9,37.49002052370602
5,1,0,1,0,31659.268342890402,0.16666666666666666,0.0,5,0,5,0,0,1,0,0,0,0,1,66.21624014413666
5,4,0,1,1,31924.112621806882,0.6666666666666666,0.0,20,0,5,5,0,4,4,0,0,1,16,36.061772053546704
4,3,1,1,3,54647.23010175358,0.6,0.2,12,4,4,12,3,3,9,1,3,3,9,15.073192743394223
5,3,0,0,2,59136.372756432356,0.5,0.0,15,0,0,10,0,0,6,0,0,0,9,62.33604335761283
2,4,0,0,2,46391.290935793644,1.3333333333333333,0.0,8,0,0,4,0,0,8,0,0,0,16,54.79866173439562
3,0,0,0,2,60048.067811321256,0.0,0.0,0,0,0,6,0,0,0,0,0,0,0,85.02042449937494
8,2,0,1,3,59186.21659031198,0.2222222222222222,0.0,16,0,8,24,0,2,6,0,0,3,4,36.189794468497176
1,1,1,1,3,82801.58345419826,0.5,0.5,1,1,1,3,1,1,3,1,3,3,1,30.207058394282665
4,0,1,0,2,39506.01002581812,0.0,0.2,0,4,0,8,0,0,0,0,2,0,0,71.42807052983274
8,0,0,0,0,87459.56724955779,0.0,0.0,0,0,0,0,0,0,0,0,0,0,0,99.95403146320243
9,2,1,1,3,6275.306900918418,0.2,0.1,18,9,9,27,2,2,6,1,3,3,4,22.597440498954985
1,0,0,1,0,46156.38877926986,0.0,0.0,0,0,1,0,0,0,0,0,0,0,0,73.79959030415145
4,1,1,1,3,17543.044487403546,0.2,0.2,4,4,4,12,1,1,3,1,3,3,1,30.18735759279799
7,0,1,1,2,66377.1693436658,0.0,0.125,0,7,7,14,0,0,0,1,2,2,0,45.207960032499514
8,2,1,0,0,75611.85687223343,0.2222222222222222,0.1111111111111111,16,8,0,0,2,0,0,0,0,0,4,71.25407957808468
9,4,1,0,3,37247.98560223771,0.4,0.1,36,9,0,27,4,0,12,0,3,0,16,33.683685345399766
1,2,0,0,3,55819.59684296563,1.0,0.0,2,0,0,3,0,0,6,0,0,0,4,62.4361727011433
1,3,0,1,4,18638.960884704713,1.5,0.0,3,0,1,4,0,3,12,0,0,4,9,21.195459764108556
6,1,0,1,4,82304.76511903093,0.14285714285714285,0.0,6,0,6,24,0,1,4,0,0,4,1,36.27678994437121
3,1,1,1,4,47023.84092436406,0.25,0.25,3,3,3,12,1,1,4,1,4,4,1,22.710703710141907
3,3,0,1,0,64788.59532135057,0.75,0.0,9,0,3,0,0,3,0,0,0,0,9,51.11520916238934
1,2,1,1,0,66482.8466189699,1.0,0.5,2,1,1,0,2,2,0,1,0,0,4,45.09963841903371
7,3,1,0,0,35398.87802746,0.375,0.125,21,7,0,0,3,0,0,0,0,0,9,63.70356408721102
5,4,0,1,3,84031.04385725872,0.6666666666666666,0.0,20,0,5,15,0,4,12,0,0,3,16,21.095330420578087
5,0,0,1,0,36480.46186290482,0.0,0.0,0,0,5,0,0,0,0,0,0,0,0,73.77332256883855
8,0,0,1,3,66673.41405290751,0.0,0.0,0,0,8,24,0,0,0,0,0,3,0,51.30395931790095
4,3,1,0,1,43692.946473381795,0.6,0.2,12,4,0,4,3,0,3,0,1,0,9,56.24004407221139
5,4,1,0,3,59267.82778234802,0.6666666666666666,0.16666666666666666,20,5,0,15,4,0,12,0,3,0,16,33.709953080712665
5,0,0,1,4,57096.18806372146,0.0,0.0,0,0,5,20,0,0,0,0,0,4,0,43.840439302901316
1,2,1,1,0,72424.95412830028,1.0,0.5,2,1,1,0,2,2,0,1,0,0,4,45.09963841903371
5,1,1,0,1,93409.5858675632,0.16666666666666666,0.16666666666666666,5,5,0,5,1,0,1,0,1,0,1,71.34764198778694
7,0,0,0,2,49263.03820027687,0.0,0.0,0,0,0,14,0,0,0,0,0,0,0,84.99415676406204
4,4,1,0,4,25301.518806127122,0.8,0.2,16,4,0,16,4,0,16,0,4,0,16,26.23329919805658
1,0,0,0,0,45191.73263678044,0.0,0.0,0,0,0,0,0,0,0,0,0,0,0,100.0
5,1,0,0,0,68290.45267652386,0.16666666666666666,0.0,5,0,0,0,0,0,0,0,0,0,1,92.41664983998521
9,0,1,1,4,34433.062200421715,0.0,0.1,0,9,9,36,0,0,0,1,4,4,0,30.228384531874443
3,4,0,1,3,55379.01586164782,1.0,0.0,12,0,3,9,0,4,12,0,0,3,16,21.108464288234536
8,2,1,1,4,69510.51748398013,0.2222222222222222,0.1111111111111111,16,8,8,32,2,2,8,1,4,4,4,15.1207866162989
1,4,0,1,3,66225.34553127365,2.0,0.0,4,0,1,3,0,4,12,0,0,3,16,21.121598155890986
9,3,1,1,1,25181.33569684523,0.3,0.1,27,9,9,9,3,3,3,1,1,1,9,30.006799707221717
4,4,0,0,2,73965.27759906443,0.8,0.0,16,0,0,8,0,0,8,0,0,0,16,54.78552786673917
4,3,0,1,2,84844.71319997174,0.6,0.0,12,0,4,8,0,3,6,0,0,2,9,36.1422005955925
3,0,0,1,2,23733.11960726051,0.0,0.0,0,0,3,6,0,0,0,0,0,2,0,58.820014803526384
4,0,0,0,3,48170.34632865954,0.0,0.0,0,0,0,12,0,0,0,0,0,0,0,77.53063674906241
5,4,1,1,0,10708.460965540624,0.6666666666666666,0.16666666666666666,20,5,5,0,4,4,0,1,0,0,16,29.95920583431704
7,2,1,0,0,45672.696124419286,0.25,0.125,14,7,0,0,2,0,0,0,0,0,4,71.26064651191291
5,3,0,0,4,81404.79622535428,0.5,0.0,15,0,0,20,0,0,12,0,0,0,9,47.36960172464421
1,3,0,1,2,38390.066288411064,1.5,0.0,3,0,1,2,0,3,6,0,0,2,9,36.16190139707717
5,3,0,0,4,11818.97825579525,0.5,0.0,15,0,0,20,0,0,12,0,0,0,9,47.36960172464421
6,1,1,1,1,29816.960625342526,0.14285714285714285,0.14285714285714285,6,6,6,6,1,1,1,1,1,1,1,45.140665358110155
3,0,1,1,2,28876.720394573153,0.0,0.25,0,3,3,6,0,0,0,1,2,2,0,45.23422776781241
5,2,1,1,3,62951.11629901202,0.3333333333333333,0.16666666666666666,10,5,5,15,2,2,6,1,3,3,4,22.623708234267884
4,4,0,1,2,60086.925594632135,0.8,0.0,16,0,4,8,0,4,8,0,0,2,16,28.585118170890624
4,4,1,1,3,29925.623256824638,0.8,0.2,16,4,4,12,4,4,12,1,3,3,16,7.516110318692339
1,2,0,0,3,26915.099970330382,1.0,0.0,2,0,0,3,0,0,6,0,0,0,4,62.4361727011433
5,0,0,1,2,65739.82735893645,0.0,0.0,0,0,5,10,0,0,0,0,0,2,0,58.806880935869934
8,3,1,0,0,24038.210729016675,0.3333333333333333,0.1111111111111111,24,8,0,0,3,0,0,0,0,0,9,63.696997153382796
4,4,1,1,1,44919.42131067134,0.8,0.2,16,4,4,4,4,4,4,1,1,1,16,22.482551951660955
4,0,1,0,3,29912.480338942332,0.0,0.2,0,4,0,12,0,0,0,0,3,0,0,63.944849713348425
2,0,1,1,2,64473.69883685646,0.0,0.3333333333333333,0,2,2,4,0,0,0,1,2,2,0,45.24079470164064
3,3,1,1,4,44712.85012366074,0.75,0.25,9,3,3,12,3,3,12,1,4,4,9,7.596538860738138
4,2,1,0,0,31739.27325780849,0.4,0.2,8,4,0,0,2,0,0,0,0,0,4,71.28034731339758
5,2,1,1,0,34447.794906777446,0.3333333333333333,0.16666666666666666,10,5,5,0,2,2,0,1,0,0,4,45.07337068372081
8,0,0,0,3,58004.975662392615,0.0,0.0,0,0,0,24,0,0,0,0,0,0,0,77.50436901374951
6,1,0,1,4,41055.78227312997,0.14285714285714285,0.0,6,0,6,24,0,1,4,0,0,4,1,36.27678994437121
5,4,1,0,1,60970.96810517174,0.6666666666666666,0.16666666666666666,20,5,0,5,4,0,4,0,1,0,16,48.67639471368128
6,3,1,1,0,71557.70284962327,0.42857142857142855,0.14285714285714285,18,6,6,0,3,3,0,1,0,0,9,37.5097213251907
2,1,1,0,4,78246.14429371397,0.3333333333333333,0.3333333333333333,2,2,0,8,1,0,4,0,4,0,1,48.91768033981869
3,1,1,1,4,46986.16422044761,0.25,0.25,3,3,3,12,1,1,4,1,4,4,1,22.710703710141907
1,2,0,1,3,10486.19649937949,1.0,0.0,2,0,1,3,0,2,6,0,0,3,4,36.23576300529475
4,4,1,0,1,85166.22814856411,0.8,0.2,16,4,0,4,4,0,4,0,1,0,16,48.68296164750951
2,1,0,1,0,32818.69090475734,0.3333333333333333,0.0,2,0,2,0,0,1,0,0,0,0,1,66.23594094562134
4,3,1,0,4,65218.55681147239,0.6,0.2,12,4,0,16,3,0,12,0,4,0,9,33.79038162275847
9,1,1,0,1,86421.23740116291,0.1,0.1,9,9,0,9,1,0,1,0,1,0,1,71.32137425247404
1,1,1,0,1,33141.6092592206,0.5,0.5,1,1,0,1,1,0,1,0,1,0,1,71.37390972309984
7,4,1,0,0,69711.81938344738,0.5,0.125,28,7,0,0,4,0,0,0,0,0,16,56.146481662509146
9,3,0,0,4,52025.93931293099,0.3,0.0,27,0,0,36,0,0,12,0,0,0,9,47.34333398933131
9,4,1,1,1,26962.984884068417,0.4,0.1,36,9,9,9,4,4,4,1,1,1,16,22.44971728251983
7,2,1,1,0,47320.401365599486,0.25,0.125,14,7,7,0,2,2,0,1,0,0,4,45.06023681606436
9,2,0,0,0,75611.72226234231,0.2,0.0,18,0,0,0,0,0,0,0,0,0,4,84.83329967997042
9,4,1,1,2,87401.54535963424,0.4,0.1,36,9,9,18,4,4,8,1,2,2,16,14.966496466035526
9,4,0,0,2,40568.547282838714,0.4,0.0,36,0,0,18,0,0,8,0,0,0,16,54.75269319759805
3,1,0,0,2,64576.57077883283,0.25,0.0,3,0,0,6,0,0,2,0,0,0,1,77.46334207467305
7,1,1,1,1,27774.131422223312,0.125,0.125,7,7,7,7,1,1,1,1,1,1,1,45.13409842428193
7,1,1,0,1,47057.83913135528,0.125,0.125,7,7,0,7,1,0,1,0,1,0,1,71.3345081201305
5,3,0,0,0,73054.83375893747,0.5,0.0,15,0,0,0,0,0,0,0,0,0,9,77.30248499058145
9,0,1,0,0,32039.518831917776,0.0,0.1,0,9,0,0,0,0,0,0,0,0,0,86.36167749366022
3,1,0,1,0,15982.129377290075,0.25,0.0,3,0,3,0,0,1,0,0,0,0,1,66.22937401179311
6,3,0,0,1,50101.29759421586,0.42857142857142855,0.0,18,0,0,6,0,0,3,0,0,0,9,69.8126972402689
4,1,1,1,1,49857.72677325291,0.2,0.2,4,4,4,4,1,1,1,1,1,1,1,45.153799225766605
7,2,1,0,3,65315.53355722188,0.25,0.125,14,7,0,21,2,0,6,0,3,0,4,48.81098406245999
6,2,1,0,2,57078.05628358693,0.2857142857142857,0.14285714285714285,12,6,0,12,2,0,4,0,2,0,4,56.300771812772524
3,4,0,0,2,38593.31167027695,1.0,0.0,12,0,0,6,0,0,8,0,0,0,16,54.7920948005674
7,3,0,1,0,55471.602507901545,0.375,0.0,21,0,7,0,0,3,0,0,0,0,9,51.08894142707644
1,0,1,1,3,51856.666630464395,0.0,0.5,0,1,1,3,0,0,0,1,3,3,0,37.76414081898455
9,3,0,1,0,7999.5105412222765,0.3,0.0,27,0,9,0,0,3,0,0,0,0,9,51.07580755941999
8,1,0,0,0,30283.5035449017,0.1111111111111111,0.0,8,0,0,0,0,0,0,0,0,0,1,92.39694903850054
2,0,0,1,3,60400.86653737783,0.0,0.0,0,0,2,6,0,0,0,0,0,3,0,51.343360920870296
4,1,0,1,4,40697.09831502305,0.2,0.0,4,0,4,16,0,1,4,0,0,4,1,36.28992381202766
7,1,1,1,4,88558.17596910734,0.125,0.125,7,7,7,28,1,1,4,1,4,4,1,22.684435974829007
2,4,1,0,1,36215.42611766198,1.3333333333333333,0.3333333333333333,8,2,0,2,4,0,4,0,1,0,16,48.69609551516596
5,2,0,0,4,40360.902724313695,0.3333333333333333,0.0,10,0,0,20,0,0,8,0,0,0,4,54.926684149346094
4,2,1,1,0,77294.49233475576,0.4,0.2,8,4,4,0,2,2,0,1,0,0,4,45.079937617549035
6,0,1,1,3,68747.35955078731,0.0,0.14285714285714285,0,6,6,18,0,0,0,1,3,3,0,37.73130614984343
3,2,0,1,0,100756.76941723304,0.5,0.0,6,0,3,0,0,2,0,0,0,0,4,58.67229158709122
2,0,0,0,1,58039.91971027049,0.0,0.0,0,0,0,2,0,0,0,0,0,0,0,92.51021224968747
5,1,1,1,3,24691.18209758934,0.16666666666666666,0.16666666666666666,5,5,5,15,1,1,3,1,3,3,1,30.180790658969766
7,3,1,1,1,34427.833854712386,0.375,0.125,21,7,7,7,3,3,3,1,1,1,9,30.019933574878166
9,4,0,0,2,42237.6884770194,0.4,0.0,36,0,0,18,0,0,8,0,0,0,16,54.75269319759805
3,0,1,0,2,61695.0272447583,0.0,0.25,0,3,0,6,0,0,0,0,2,0,0,71.43463746366096
1,1,1,0,3,9337.272317509953,0.5,0.5,1,1,0,3,1,0,3,0,3,0,1,56.40746809013122
2,2,1,0,1,85485.64817988053,0.6666666666666666,0.3333333333333333,4,2,0,2,2,0,2,0,1,0,4,63.81026036456973
5,0,1,1,1,63684.34279831346,0.0,0.16666666666666666,0,5,5,5,0,0,0,1,1,1,0,52.70431471664027
1,3,0,1,0,45340.67541981486,1.5,0.0,3,0,1,0,0,3,0,0,0,0,9,51.12834303004579
8,0,0,1,3,38811.9880316784,0.0,0.0,0,0,8,24,0,0,0,0,0,3,0,51.30395931790095
9,1,1,1,0,54108.13987873397,0.1,0.1,9,9,9,0,1,1,0,1,0,0,1,52.60418537310979
1,0,1,1,2,77099.23303324055,0.0,0.5,0,1,1,2,0,0,0,1,2,2,0,45.24736163546886
3,0,0,1,2,31776.911455429436,0.0,0.0,0,0,3,6,0,0,0,0,0,2,0,58.820014803526384
9,0,1,0,1,16524.231640683385,0.0,0.1,0,9,0,9,0,0,0,0,1,0,0,78.87845667717592
8,3,1,1,4,37289.35227472837,0.3333333333333333,0.1111111111111111,24,8,8,32,3,3,12,1,4,4,9,7.563704191597014
9,1,0,1,4,37070.17869809222,0.1,0.0,9,0,9,36,0,1,4,0,0,4,1,36.257089142886535
6,0,0,0,4,39319.8226898134,0.0,0.0,0,0,0,24,0,0,0,0,0,0,0,70.03428206492164
1,0,0,1,0,74197.58066317867,0.0,0.0,0,0,1,0,0,0,0,0,0,0,0,73.79959030415145
6,4,0,0,1,56439.55533210511,0.5714285714285714,0.0,24,0,0,6,0,0,4,0,0,0,16,62.25561481556703
1,0,0,0,0,53146.59545163227,0.0,0.0,0,0,0,0,0,0,0,0,0,0,0,100.0
9,3,0,0,4,50780.63731350459,0.3,0.0,27,0,0,36,0,0,12,0,0,0,9,47.34333398933131
5,1,0,0,3,47247.254919076484,0.16666666666666666,0.0,5,0,0,15,0,0,3,0,0,0,1,69.9669873905323
3,1,0,1,1,50216.096824616005,0.25,0.0,3,0,3,3,0,1,1,0,0,1,1,58.74615319530881
4,1,0,1,3,45772.63457173138,0.2,0.0,4,0,4,12,0,1,3,0,0,3,1,43.773144628511965
8,4,0,0,4,61601.2437707931,0.4444444444444444,0.0,32,0,0,32,0,0,16,0,0,0,16,39.792818498457656
7,2,0,0,2,54983.50837183889,0.25,0.0,14,0,0,14,0,0,4,0,0,0,4,69.87999191465826
8,4,0,0,1,80246.3865758769,0.4444444444444444,0.0,32,0,0,8,0,0,4,0,0,0,16,62.24248094791058
3,3,0,0,2,21336.78595395238,0.75,0.0,9,0,0,6,0,0,6,0,0,0,9,62.34917722526928
7,0,0,0,0,39195.43913880248,0.0,0.0,0,0,0,0,0,0,0,0,0,0,0,99.96059839703065
2,3,1,1,4,50792.8583779927,1.0,0.3333333333333333,6,2,2,8,3,3,12,1,4,4,9,7.603105794566363
3,4,0,1,2,58188.93080018828,1.0,0.0,12,0,3,6,0,4,8,0,0,2,16,28.59168510471885
5,1,0,0,3,-3004.776561886203,0.16666666666666666,0.0,5,0,0,15,0,0,3,0,0,0,1,69.9669873905323
4,3,1,0,4,58736.99014735165,0.6,0.2,12,4,0,16,3,0,12,0,4,0,9,33.79038162275847
8,2,1,1,1,42890.90158471049,0.2222222222222222,0.1111111111111111,16,8,8,8,2,2,2,1,1,1,4,37.57044906575182
6,1,0,1,4,57202.80270697519,0.14285714285714285,0.0,6,0,6,24,0,1,4,0,0,4,1,36.27678994437121
7,2,1,1,0,54557.143606353355,0.25,0.125,14,7,7,0,2,2,0,1,0,0,4,45.06023681606436
2,0,0,0,2,65358.73402545182,0.0,0.0,0,0,0,4,0,0,0,0,0,0,0,85.02699143320316
3,0,1,1,3,69955.86523921459,0.0,0.25,0,3,3,9,0,0,0,1,3,3,0,37.7510069513281
5,4,1,1,1,52984.795799228625,0.6666666666666666,0.16666666666666666,20,5,5,5,4,4,4,1,1,1,16,22.47598501783273
1,4,0,0,2,56150.84123458993,2.0,0.0,4,0,0,2,0,0,8,0,0,0,16,54.80522866822385
4,4,0,0,0,55130.146751071894,0.8,0.0,16,0,0,0,0,0,0,0,0,0,16,69.75196949970778
3,4,0,1,2,50277.26445443152,1.0,0.0,12,0,3,6,0,4,8,0,0,2,16,28.59168510471885
2,0,0,1,4,63375.82128729601,0.0,0.0,0,0,2,8,0,0,0,0,0,4,0,43.86014010438599
5,0,0,1,3,52581.86759361413,0.0,0.0,0,0,5,15,0,0,0,0,0,3,0,51.32366011938562
6,2,1,0,4,41895.96775735223,0.2857142857142857,0.14285714285714285,12,6,0,24,2,0,8,0,4,0,4,41.334330179803906
2,4,1,1,3,49902.75962763289,1.3333333333333333,0.3333333333333333,8,2,2,6,4,4,12,1,3,3,16,7.529244186348788
2,3,1,1,1,29972.61496615891,1.0,0.3333333333333333,6,2,2,2,3,3,3,1,1,1,9,30.05276824401929
6,4,1,0,4,37306.72235381888,0.5714285714285714,0.14285714285714285,24,6,0,24,4,0,16,0,4,0,16,26.220165330400132
7,1,0,0,4,51024.355662081965,0.125,0.0,7,0,0,28,0,0,4,0,0,0,1,62.470632706391534
8,3,1,0,2,54827.45562195071,0.3333333333333333,0.1111111111111111,24,8,0,16,3,0,6,0,2,0,9,48.730555520414185
